[{"model": "contenttypes.contenttype", "pk": 1, "fields": {"app_label": "admin", "model": "logentry"}}, {"model": "contenttypes.contenttype", "pk": 2, "fields": {"app_label": "auth", "model": "permission"}}, {"model": "contenttypes.contenttype", "pk": 3, "fields": {"app_label": "auth", "model": "user"}}, {"model": "contenttypes.contenttype", "pk": 4, "fields": {"app_label": "auth", "model": "group"}}, {"model": "contenttypes.contenttype", "pk": 5, "fields": {"app_label": "contenttypes", "model": "contenttype"}}, {"model": "contenttypes.contenttype", "pk": 6, "fields": {"app_label": "sessions", "model": "session"}}, {"model": "contenttypes.contenttype", "pk": 7, "fields": {"app_label": "catalog", "model": "person"}}, {"model": "contenttypes.contenttype", "pk": 8, "fields": {"app_label": "catalog", "model": "institution"}}, {"model": "contenttypes.contenttype", "pk": 9, "fields": {"app_label": "catalog", "model": "donorgroup"}}, {"model": "contenttypes.contenttype", "pk": 10, "fields": {"app_label": "catalog", "model": "donation"}}, {"model": "contenttypes.contenttype", "pk": 11, "fields": {"app_label": "catalog", "model": "snippet"}}, {"model": "contenttypes.contenttype", "pk": 12, "fields": {"app_label": "sites", "model": "site"}}, {"model": "sessions.session", "pk": "hupi4fpjrlnj68agatp2brysai33jzy5", "fields": {"session_data": "ZDZhMGFiMjFkYTE1NmFmMWUwZDJlMWIyNzRkZjhhMmUwZWE1MWIxYjp7Im51bV92aXNpdHMiOjF9", "expire_date": "2017-05-02T08:28:40.560Z"}}, {"model": "sessions.session", "pk": "vbt8n0lq4uiezdcx1wdxpal263unurg7", "fields": {"session_data": "Njc1MzQ4ZmVhMTJhNzA1M2I5NzNlMDM2OTc1MjkyOTM0YzMwNWNkZDp7Il9hdXRoX3VzZXJfaGFzaCI6IjEzNWUyYmNhZDQ1Y2E4ZDNmMGRhOWZmZTA0MWY0MDc0YjQxZTQ3YTciLCJfYXV0aF91c2VyX2lkIjoiMSIsIl9hdXRoX3VzZXJfYmFja2VuZCI6ImRqYW5nby5jb250cmliLmF1dGguYmFja2VuZHMuTW9kZWxCYWNrZW5kIiwibnVtX3Zpc2l0cyI6NDN9", "expire_date": "2017-05-03T04:59:09.358Z"}}, {"model": "sessions.session", "pk": "wcztmn9gi3yuqk4bn1w10ix1eltssu3f", "fields": {"session_data": "ZDZhMGFiMjFkYTE1NmFmMWUwZDJlMWIyNzRkZjhhMmUwZWE1MWIxYjp7Im51bV92aXNpdHMiOjF9", "expire_date": "2017-05-02T00:04:18.893Z"}}, {"model": "catalog.person", "pk": 2, "fields": {"name": "Mary and Harry Blanchard"}}, {"model": "catalog.person", "pk": 3, "fields": {"name": "Josie Little"}}, {"model": "catalog.person", "pk": 4, "fields": {"name": "Adrienne Momi"}}, {"model": "catalog.person", "pk": 5, "fields": {"name": "Charles and Susan G. Hawley"}}, {"model": "catalog.person", "pk": 6, "fields": {"name": "Doug and Gwen Kaplan"}}, {"model": "catalog.person", "pk": 7, "fields": {"name": "Barbara Shields"}}, {"model": "catalog.person", "pk": 8, "fields": {"name": "Nina and Sibley Simon"}}, {"model": "catalog.person", "pk": 9, "fields": {"name": "Mary Solari"}}, {"model": "catalog.person", "pk": 10, "fields": {"name": "John and Linda Burroughs"}}, {"model": "catalog.person", "pk": 11, "fields": {"name": "Ron and Linda Israel"}}, {"model": "catalog.person", "pk": 12, "fields": {"name": "Vance Landis"}}, {"model": "catalog.person", "pk": 13, "fields": {"name": "Joan and Karl Mertz"}}, {"model": "catalog.person", "pk": 14, "fields": {"name": "George Newell"}}, {"model": "catalog.person", "pk": 15, "fields": {"name": "Nancy Woolf"}}, {"model": "catalog.person", "pk": 16, "fields": {"name": "Marjorie Albright"}}, {"model": "catalog.person", "pk": 17, "fields": {"name": "Jack Baskin and Peggy Downes Baskin"}}, {"model": "catalog.person", "pk": 18, "fields": {"name": "Made Berg"}}, {"model": "catalog.person", "pk": 19, "fields": {"name": "Traci Bliss"}}, {"model": "catalog.person", "pk": 20, "fields": {"name": "Lawrence Brenner"}}, {"model": "catalog.person", "pk": 21, "fields": {"name": "Dario and Breck Caloss"}}, {"model": "catalog.person", "pk": 22, "fields": {"name": "George Cook and Mary James"}}, {"model": "catalog.person", "pk": 23, "fields": {"name": "Richard and Theresa Crocker"}}, {"model": "catalog.person", "pk": 24, "fields": {"name": "Joan and William Dunn"}}, {"model": "catalog.person", "pk": 25, "fields": {"name": "Cathleen and Terry Eckhardt"}}, {"model": "catalog.person", "pk": 26, "fields": {"name": "Jim and Randi Foster"}}, {"model": "catalog.person", "pk": 27, "fields": {"name": "Dr. and Mrs. William Eckhardt"}}, {"model": "catalog.person", "pk": 28, "fields": {"name": "Deborah and David Haughey"}}, {"model": "catalog.person", "pk": 29, "fields": {"name": "Richard and Donna Keith"}}, {"model": "catalog.person", "pk": 30, "fields": {"name": "Lila Klapman"}}, {"model": "catalog.person", "pk": 31, "fields": {"name": "Esther Levandoski"}}, {"model": "catalog.person", "pk": 32, "fields": {"name": "Patty Lezin"}}, {"model": "catalog.person", "pk": 33, "fields": {"name": "Ginny Solari Mazry"}}, {"model": "catalog.person", "pk": 34, "fields": {"name": "Allan P. Molho"}}, {"model": "catalog.person", "pk": 35, "fields": {"name": "Bruce and Linda Nicholson"}}, {"model": "catalog.person", "pk": 36, "fields": {"name": "Kerry Olson"}}, {"model": "catalog.person", "pk": 37, "fields": {"name": "Peter and Mary Ann Orr"}}, {"model": "catalog.person", "pk": 38, "fields": {"name": "Julie Packard and Robert Stephens"}}, {"model": "catalog.person", "pk": 39, "fields": {"name": "Ann Rando"}}, {"model": "catalog.person", "pk": 40, "fields": {"name": "Patricia and Rowland Rebele"}}, {"model": "catalog.person", "pk": 41, "fields": {"name": "Diane Simpson"}}, {"model": "catalog.person", "pk": 42, "fields": {"name": "Maryjane Slade"}}, {"model": "catalog.person", "pk": 43, "fields": {"name": "Judy Steen and Joseph Michalak"}}, {"model": "catalog.person", "pk": 44, "fields": {"name": "Hal and Bev Watts"}}, {"model": "catalog.person", "pk": 45, "fields": {"name": "Michael and Kalena Allard"}}, {"model": "catalog.person", "pk": 46, "fields": {"name": "Susana Arias"}}, {"model": "catalog.person", "pk": 47, "fields": {"name": "Michael and Vivian Brown"}}, {"model": "catalog.person", "pk": 48, "fields": {"name": "Jack and Renee Chyle"}}, {"model": "catalog.person", "pk": 49, "fields": {"name": "Ceil Cirillo"}}, {"model": "catalog.person", "pk": 50, "fields": {"name": "Karen Cogswell"}}, {"model": "catalog.person", "pk": 51, "fields": {"name": "Diane Craddock"}}, {"model": "catalog.person", "pk": 52, "fields": {"name": "Gary Silberstein and Joan DeNeffe"}}, {"model": "catalog.person", "pk": 53, "fields": {"name": "Barbara Downs and John Chilton"}}, {"model": "catalog.person", "pk": 54, "fields": {"name": "Mrs. Pat Durkee"}}, {"model": "catalog.person", "pk": 55, "fields": {"name": "Don and Diana Henrichsen"}}, {"model": "catalog.person", "pk": 56, "fields": {"name": "George and Inga Hoffman"}}, {"model": "catalog.person", "pk": 57, "fields": {"name": "Carolyn Hyatt"}}, {"model": "catalog.person", "pk": 58, "fields": {"name": "Alan and Judy Levin"}}, {"model": "catalog.person", "pk": 59, "fields": {"name": "Norman and Mary Kate Lezin"}}, {"model": "catalog.person", "pk": 60, "fields": {"name": "Craig and Dusty Miller"}}, {"model": "catalog.person", "pk": 61, "fields": {"name": "Joan and Robert Nelson"}}, {"model": "catalog.person", "pk": 62, "fields": {"name": "Harvey and Judy Nickelson"}}, {"model": "catalog.person", "pk": 63, "fields": {"name": "Mark and Bonnie Overgaard"}}, {"model": "catalog.person", "pk": 64, "fields": {"name": "Dixie Rees"}}, {"model": "catalog.person", "pk": 65, "fields": {"name": "Madelyn Rice"}}, {"model": "catalog.person", "pk": 66, "fields": {"name": "Elio and Joy Rodoni"}}, {"model": "catalog.person", "pk": 67, "fields": {"name": "Anne and Mat Rowley"}}, {"model": "catalog.person", "pk": 68, "fields": {"name": "Debbie Salkind"}}, {"model": "catalog.person", "pk": 69, "fields": {"name": "Jerry and Janet Schumb"}}, {"model": "catalog.person", "pk": 70, "fields": {"name": "Robert, Ann and Nick Smiley"}}, {"model": "catalog.person", "pk": 71, "fields": {"name": "Ken Smith and Daryl Dichek"}}, {"model": "catalog.person", "pk": 72, "fields": {"name": "Ms. Rachael Spencer and Mr."}}, {"model": "catalog.person", "pk": 73, "fields": {"name": "Kevin Rooney"}}, {"model": "catalog.person", "pk": 74, "fields": {"name": "Sue Struck"}}, {"model": "catalog.person", "pk": 75, "fields": {"name": "Seely Sumpf"}}, {"model": "catalog.person", "pk": 76, "fields": {"name": "Sue and Jim Wilson"}}, {"model": "catalog.person", "pk": 77, "fields": {"name": "Todd and Corinne Wipke"}}, {"model": "catalog.person", "pk": 78, "fields": {"name": "Melanie Wirtanen"}}, {"model": "catalog.person", "pk": 79, "fields": {"name": "Leland and Marian Zeidler"}}, {"model": "catalog.person", "pk": 80, "fields": {"name": "Angela Chesnut"}}, {"model": "catalog.person", "pk": 81, "fields": {"name": "Melyssa Cowles"}}, {"model": "catalog.person", "pk": 82, "fields": {"name": "Karen and John Dowdell"}}, {"model": "catalog.person", "pk": 83, "fields": {"name": "Allyson Evans"}}, {"model": "catalog.person", "pk": 84, "fields": {"name": "Dr. and Mrs. William Harmon, Jr."}}, {"model": "catalog.person", "pk": 85, "fields": {"name": "Charles and Kathleen Hilger"}}, {"model": "catalog.person", "pk": 86, "fields": {"name": "Vance Landis-Carey and"}}, {"model": "catalog.person", "pk": 87, "fields": {"name": "Robert Carey"}}, {"model": "catalog.person", "pk": 88, "fields": {"name": "Cynthia and Bill Mathews"}}, {"model": "catalog.person", "pk": 89, "fields": {"name": "Peter & Mary Ann Orr"}}, {"model": "catalog.person", "pk": 90, "fields": {"name": "James Emerson"}}, {"model": "catalog.person", "pk": 91, "fields": {"name": "Jory Post and Karen Wallace"}}, {"model": "catalog.person", "pk": 92, "fields": {"name": "Steve and Som Stone"}}, {"model": "catalog.person", "pk": 93, "fields": {"name": "Jess and Laura Brown"}}, {"model": "catalog.person", "pk": 94, "fields": {"name": "Barbara Canfield"}}, {"model": "catalog.person", "pk": 95, "fields": {"name": "Cloy and Bill Codiga"}}, {"model": "catalog.person", "pk": 96, "fields": {"name": "Irene and Zoltan de Haydu"}}, {"model": "catalog.person", "pk": 97, "fields": {"name": "Gerard and Shirley Demaison"}}, {"model": "catalog.person", "pk": 98, "fields": {"name": "John Doering"}}, {"model": "catalog.person", "pk": 99, "fields": {"name": "Darcie Fohrman and Don Hughes"}}, {"model": "catalog.person", "pk": 100, "fields": {"name": "Beverly and Angelo Grova"}}, {"model": "catalog.person", "pk": 101, "fields": {"name": "Marcella and Joe Hall"}}, {"model": "catalog.person", "pk": 102, "fields": {"name": "Vicki and Alan Hendin"}}, {"model": "catalog.person", "pk": 103, "fields": {"name": "Harold and Dorothy Hyde"}}, {"model": "catalog.person", "pk": 104, "fields": {"name": "William and Barbara Hyland"}}, {"model": "catalog.person", "pk": 105, "fields": {"name": "John and Maria Jimenez"}}, {"model": "catalog.person", "pk": 106, "fields": {"name": "Jill and Hal Judd"}}, {"model": "catalog.person", "pk": 107, "fields": {"name": "Carole Klyce"}}, {"model": "catalog.person", "pk": 108, "fields": {"name": "David J. and Paula Kuty"}}, {"model": "catalog.person", "pk": 109, "fields": {"name": "Frank LaHaye"}}, {"model": "catalog.person", "pk": 110, "fields": {"name": "Sally LaHaye"}}, {"model": "catalog.person", "pk": 111, "fields": {"name": "Andrea London"}}, {"model": "catalog.person", "pk": 112, "fields": {"name": "Barbara Luna"}}, {"model": "catalog.person", "pk": 113, "fields": {"name": "Morgan Magid and Kathleen Rinehart"}}, {"model": "catalog.person", "pk": 114, "fields": {"name": "Carol and Joe Marini"}}, {"model": "catalog.person", "pk": 115, "fields": {"name": "Dan and Nora McFadden"}}, {"model": "catalog.person", "pk": 116, "fields": {"name": "Bruce and Mary McPherson"}}, {"model": "catalog.person", "pk": 117, "fields": {"name": "Carole Rucker McPherson"}}, {"model": "catalog.person", "pk": 118, "fields": {"name": "Jacob and Hila Michaelsen"}}, {"model": "catalog.person", "pk": 119, "fields": {"name": "Ginnie Mickelson"}}, {"model": "catalog.person", "pk": 120, "fields": {"name": "Stephanie and David Mills"}}, {"model": "catalog.person", "pk": 121, "fields": {"name": "Donna Murphy and Mark Mesti-Miller"}}, {"model": "catalog.person", "pk": 122, "fields": {"name": "Irene Osterbrock"}}, {"model": "catalog.person", "pk": 123, "fields": {"name": "Kathy and Louis Paolino"}}, {"model": "catalog.person", "pk": 124, "fields": {"name": "Muriel and Stan Prolo"}}, {"model": "catalog.person", "pk": 125, "fields": {"name": "Burton and Cynthia Rees"}}, {"model": "catalog.person", "pk": 126, "fields": {"name": "Mary Spire"}}, {"model": "catalog.person", "pk": 127, "fields": {"name": "Catherine Steele"}}, {"model": "catalog.person", "pk": 128, "fields": {"name": "George and Lois Wolfe"}}, {"model": "catalog.person", "pk": 129, "fields": {"name": "Matthew Nolan"}}, {"model": "catalog.donation", "pk": "0153f909-1a38-4c0e-947d-8b04cbb4536b", "fields": {"person": 105, "donation_full_name": "", "donation_class": null, "event_name": "", "institution": 1, "donorgroup": 7, "donation_type": "e", "amount_exact": "250.00", "amount_range_low": "0.00", "amount_range_high": "0.00", "amount_other": "0", "donation_date_start": "2011-07-01", "donation_date_end": null, "collection_date": "2017-01-21", "date_entered": "2017-04-19T04:46:10.360Z", "data_source_name": "", "data_source_url": "https://santacruzmah.org/wp-content/uploads/2011/07/Annual-Report_Final_web.pdf"}}, {"model": "catalog.donation", "pk": "02307dc5-5d24-4537-b153-c13eea9b1d26", "fields": {"person": 10, "donation_full_name": "", "donation_class": null, "event_name": "", "institution": 1, "donorgroup": 7, "donation_type": "e", "amount_exact": "250.00", "amount_range_low": "0.00", "amount_range_high": "0.00", "amount_other": "0", "donation_date_start": "2011-07-01", "donation_date_end": null, "collection_date": "2017-01-21", "date_entered": "2017-04-19T04:46:10.360Z", "data_source_name": "", "data_source_url": "https://santacruzmah.org/wp-content/uploads/2011/07/Annual-Report_Final_web.pdf"}}, {"model": "catalog.donation", "pk": "0261e62c-d422-4895-a453-c34e755004b7", "fields": {"person": 5, "donation_full_name": "", "donation_class": null, "event_name": "", "institution": 1, "donorgroup": 2, "donation_type": "e", "amount_exact": "5000.00", "amount_range_low": "0.00", "amount_range_high": "0.00", "amount_other": "0", "donation_date_start": "2010-07-01", "donation_date_end": null, "collection_date": "2017-01-21", "date_entered": "2017-04-19T04:46:10.360Z", "data_source_name": "", "data_source_url": "https://santacruzmah.org/wp-content/uploads/2011/07/MAHannual-report_11.pdf"}}, {"model": "catalog.donation", "pk": "0349829c-de8f-463d-be66-c7f278ae25a2", "fields": {"person": 6, "donation_full_name": "", "donation_class": null, "event_name": "", "institution": 1, "donorgroup": 2, "donation_type": "e", "amount_exact": "5000.00", "amount_range_low": "0.00", "amount_range_high": "0.00", "amount_other": "0", "donation_date_start": "2010-07-01", "donation_date_end": null, "collection_date": "2017-01-21", "date_entered": "2017-04-19T04:46:10.360Z", "data_source_name": "", "data_source_url": "https://santacruzmah.org/wp-content/uploads/2011/07/MAHannual-report_11.pdf"}}, {"model": "catalog.donation", "pk": "039711d3-b837-4585-9866-2354c3cb08ae", "fields": {"person": 114, "donation_full_name": "", "donation_class": null, "event_name": "", "institution": 1, "donorgroup": 7, "donation_type": "e", "amount_exact": "250.00", "amount_range_low": "0.00", "amount_range_high": "0.00", "amount_other": "0", "donation_date_start": "2011-07-01", "donation_date_end": null, "collection_date": "2017-01-21", "date_entered": "2017-04-19T04:46:10.360Z", "data_source_name": "", "data_source_url": "https://santacruzmah.org/wp-content/uploads/2011/07/Annual-Report_Final_web.pdf"}}, {"model": "catalog.donation", "pk": "04abc698-30ba-4c80-9a74-e80f4c9a5fac", "fields": {"person": 89, "donation_full_name": "", "donation_class": null, "event_name": "", "institution": 1, "donorgroup": 6, "donation_type": "p", "amount_exact": "0.00", "amount_range_low": "1000.00", "amount_range_high": "0.00", "amount_other": "0", "donation_date_start": "2011-07-01", "donation_date_end": null, "collection_date": "2017-01-21", "date_entered": "2017-04-19T04:46:10.360Z", "data_source_name": "", "data_source_url": "https://santacruzmah.org/wp-content/uploads/2011/07/Annual-Report_Final_web.pdf"}}, {"model": "catalog.donation", "pk": "0558fb15-de34-4c8f-8670-c6b6b6c827ec", "fields": {"person": 129, "donation_full_name": "Matts donation for world peace", "donation_class": "Awesome class", "event_name": "Rad Art party!", "institution": 3, "donorgroup": 8, "donation_type": "r", "amount_exact": "0.00", "amount_range_low": "100.00", "amount_range_high": "200.00", "amount_other": null, "donation_date_start": "2017-04-18", "donation_date_end": "2017-04-18", "collection_date": "2017-04-18", "date_entered": "2017-04-19T04:46:10.360Z", "data_source_name": "Matts site", "data_source_url": "www.bing.com"}}, {"model": "catalog.donation", "pk": "05ccec4e-6fe4-4378-a8e4-9982298357c5", "fields": {"person": 48, "donation_full_name": "", "donation_class": null, "event_name": "", "institution": 1, "donorgroup": 5, "donation_type": "e", "amount_exact": "500.00", "amount_range_low": "0.00", "amount_range_high": "0.00", "amount_other": "0", "donation_date_start": "2010-07-01", "donation_date_end": null, "collection_date": "2017-01-21", "date_entered": "2017-04-19T04:46:10.360Z", "data_source_name": "", "data_source_url": "https://santacruzmah.org/wp-content/uploads/2011/07/MAHannual-report_11.pdf"}}, {"model": "catalog.donation", "pk": "06452abc-367c-40d6-827f-43543a839a66", "fields": {"person": 24, "donation_full_name": "", "donation_class": null, "event_name": "", "institution": 1, "donorgroup": 5, "donation_type": "e", "amount_exact": "500.00", "amount_range_low": "0.00", "amount_range_high": "0.00", "amount_other": "0", "donation_date_start": "2011-07-01", "donation_date_end": null, "collection_date": "2017-01-21", "date_entered": "2017-04-19T04:46:10.360Z", "data_source_name": "", "data_source_url": "https://santacruzmah.org/wp-content/uploads/2011/07/Annual-Report_Final_web.pdf"}}, {"model": "catalog.donation", "pk": "07c63486-71f5-48af-bb39-cb652c77faca", "fields": {"person": 77, "donation_full_name": "", "donation_class": null, "event_name": "", "institution": 1, "donorgroup": 5, "donation_type": "e", "amount_exact": "500.00", "amount_range_low": "0.00", "amount_range_high": "0.00", "amount_other": "0", "donation_date_start": "2010-07-01", "donation_date_end": null, "collection_date": "2017-01-21", "date_entered": "2017-04-19T04:46:10.360Z", "data_source_name": "", "data_source_url": "https://santacruzmah.org/wp-content/uploads/2011/07/MAHannual-report_11.pdf"}}, {"model": "catalog.donation", "pk": "0acf2b9f-36af-43fd-a668-7945551bacb6", "fields": {"person": 20, "donation_full_name": "", "donation_class": null, "event_name": "", "institution": 1, "donorgroup": 6, "donation_type": "p", "amount_exact": "0.00", "amount_range_low": "1000.00", "amount_range_high": "0.00", "amount_other": "0", "donation_date_start": "2011-07-01", "donation_date_end": null, "collection_date": "2017-01-21", "date_entered": "2017-04-19T04:46:10.360Z", "data_source_name": "", "data_source_url": "https://santacruzmah.org/wp-content/uploads/2011/07/Annual-Report_Final_web.pdf"}}, {"model": "catalog.donation", "pk": "0b60cae2-6ce8-4955-9e45-70bda7355962", "fields": {"person": 66, "donation_full_name": "", "donation_class": null, "event_name": "", "institution": 1, "donorgroup": 6, "donation_type": "p", "amount_exact": "0.00", "amount_range_low": "1000.00", "amount_range_high": "0.00", "amount_other": "0", "donation_date_start": "2011-07-01", "donation_date_end": null, "collection_date": "2017-01-21", "date_entered": "2017-04-19T04:46:10.360Z", "data_source_name": "", "data_source_url": "https://santacruzmah.org/wp-content/uploads/2011/07/Annual-Report_Final_web.pdf"}}, {"model": "catalog.donation", "pk": "0bd99d4f-f329-406a-b149-8f98e8b4b2f5", "fields": {"person": 69, "donation_full_name": "", "donation_class": null, "event_name": "", "institution": 1, "donorgroup": 5, "donation_type": "e", "amount_exact": "500.00", "amount_range_low": "0.00", "amount_range_high": "0.00", "amount_other": "0", "donation_date_start": "2010-07-01", "donation_date_end": null, "collection_date": "2017-01-21", "date_entered": "2017-04-19T04:46:10.360Z", "data_source_name": "", "data_source_url": "https://santacruzmah.org/wp-content/uploads/2011/07/MAHannual-report_11.pdf"}}, {"model": "catalog.donation", "pk": "0d4e6f51-74a0-4be2-ab0c-9d4456511c81", "fields": {"person": 17, "donation_full_name": "", "donation_class": null, "event_name": "", "institution": 1, "donorgroup": 6, "donation_type": "p", "amount_exact": "0.00", "amount_range_low": "1000.00", "amount_range_high": "0.00", "amount_other": "0", "donation_date_start": "2011-07-01", "donation_date_end": null, "collection_date": "2017-01-21", "date_entered": "2017-04-19T04:46:10.360Z", "data_source_name": "", "data_source_url": "https://santacruzmah.org/wp-content/uploads/2011/07/Annual-Report_Final_web.pdf"}}, {"model": "catalog.donation", "pk": "14adbfbd-e6fd-43ea-bd20-489d4d2aa3c4", "fields": {"person": 21, "donation_full_name": "", "donation_class": null, "event_name": "", "institution": 1, "donorgroup": 6, "donation_type": "p", "amount_exact": "0.00", "amount_range_low": "1000.00", "amount_range_high": "0.00", "amount_other": "0", "donation_date_start": "2011-07-01", "donation_date_end": null, "collection_date": "2017-01-21", "date_entered": "2017-04-19T04:46:10.360Z", "data_source_name": "", "data_source_url": "https://santacruzmah.org/wp-content/uploads/2011/07/Annual-Report_Final_web.pdf"}}, {"model": "catalog.donation", "pk": "15d94fef-eec7-459a-b4c0-b2bef8cd15f4", "fields": {"person": 49, "donation_full_name": "", "donation_class": null, "event_name": "", "institution": 1, "donorgroup": 7, "donation_type": "e", "amount_exact": "250.00", "amount_range_low": "0.00", "amount_range_high": "0.00", "amount_other": "0", "donation_date_start": "2011-07-01", "donation_date_end": null, "collection_date": "2017-01-21", "date_entered": "2017-04-19T04:46:10.360Z", "data_source_name": "", "data_source_url": "https://santacruzmah.org/wp-content/uploads/2011/07/Annual-Report_Final_web.pdf"}}, {"model": "catalog.donation", "pk": "15ee2949-0e71-4274-a82e-3e90c98cd3cd", "fields": {"person": 42, "donation_full_name": "", "donation_class": null, "event_name": "", "institution": 1, "donorgroup": 6, "donation_type": "p", "amount_exact": "0.00", "amount_range_low": "1000.00", "amount_range_high": "0.00", "amount_other": "0", "donation_date_start": "2011-07-01", "donation_date_end": null, "collection_date": "2017-01-21", "date_entered": "2017-04-19T04:46:10.360Z", "data_source_name": "", "data_source_url": "https://santacruzmah.org/wp-content/uploads/2011/07/Annual-Report_Final_web.pdf"}}, {"model": "catalog.donation", "pk": "16419d78-76ac-4595-a2cd-e87447853f59", "fields": {"person": 120, "donation_full_name": "", "donation_class": null, "event_name": "", "institution": 1, "donorgroup": 7, "donation_type": "e", "amount_exact": "250.00", "amount_range_low": "0.00", "amount_range_high": "0.00", "amount_other": "0", "donation_date_start": "2011-07-01", "donation_date_end": null, "collection_date": "2017-01-21", "date_entered": "2017-04-19T04:46:10.360Z", "data_source_name": "", "data_source_url": "https://santacruzmah.org/wp-content/uploads/2011/07/Annual-Report_Final_web.pdf"}}, {"model": "catalog.donation", "pk": "18b9d9e9-c50f-4208-9bdd-3ad82320b048", "fields": {"person": 115, "donation_full_name": "", "donation_class": null, "event_name": "", "institution": 1, "donorgroup": 7, "donation_type": "e", "amount_exact": "250.00", "amount_range_low": "0.00", "amount_range_high": "0.00", "amount_other": "0", "donation_date_start": "2011-07-01", "donation_date_end": null, "collection_date": "2017-01-21", "date_entered": "2017-04-19T04:46:10.360Z", "data_source_name": "", "data_source_url": "https://santacruzmah.org/wp-content/uploads/2011/07/Annual-Report_Final_web.pdf"}}, {"model": "catalog.donation", "pk": "1bcd37f5-c2ce-47b4-bb40-817bc9c69749", "fields": {"person": 11, "donation_full_name": "", "donation_class": null, "event_name": "", "institution": 1, "donorgroup": 3, "donation_type": "e", "amount_exact": "2500.00", "amount_range_low": "0.00", "amount_range_high": "0.00", "amount_other": "0", "donation_date_start": "2010-07-01", "donation_date_end": null, "collection_date": "2017-01-21", "date_entered": "2017-04-19T04:46:10.360Z", "data_source_name": "", "data_source_url": "https://santacruzmah.org/wp-content/uploads/2011/07/MAHannual-report_11.pdf"}}, {"model": "catalog.donation", "pk": "1f19716f-fc3e-4ba3-b509-dfdf97e80ccc", "fields": {"person": 111, "donation_full_name": "", "donation_class": null, "event_name": "", "institution": 1, "donorgroup": 7, "donation_type": "e", "amount_exact": "250.00", "amount_range_low": "0.00", "amount_range_high": "0.00", "amount_other": "0", "donation_date_start": "2011-07-01", "donation_date_end": null, "collection_date": "2017-01-21", "date_entered": "2017-04-19T04:46:10.360Z", "data_source_name": "", "data_source_url": "https://santacruzmah.org/wp-content/uploads/2011/07/Annual-Report_Final_web.pdf"}}, {"model": "catalog.donation", "pk": "1fc1699c-8fe2-4184-9b3d-e46efca7a430", "fields": {"person": 62, "donation_full_name": "", "donation_class": null, "event_name": "", "institution": 1, "donorgroup": 5, "donation_type": "e", "amount_exact": "500.00", "amount_range_low": "0.00", "amount_range_high": "0.00", "amount_other": "0", "donation_date_start": "2010-07-01", "donation_date_end": null, "collection_date": "2017-01-21", "date_entered": "2017-04-19T04:46:10.360Z", "data_source_name": "", "data_source_url": "https://santacruzmah.org/wp-content/uploads/2011/07/MAHannual-report_11.pdf"}}, {"model": "catalog.donation", "pk": "24f4eb54-65c1-41b0-9568-730f8211f1b3", "fields": {"person": 129, "donation_full_name": null, "donation_class": null, "event_name": null, "institution": 3, "donorgroup": 8, "donation_type": "u", "amount_exact": null, "amount_range_low": null, "amount_range_high": null, "amount_other": null, "donation_date_start": "2017-04-19", "donation_date_end": null, "collection_date": null, "date_entered": "2017-04-19T04:46:10.360Z", "data_source_name": null, "data_source_url": null}}, {"model": "catalog.donation", "pk": "250dcb79-7f79-4beb-b659-0ac88d605e79", "fields": {"person": 26, "donation_full_name": "", "donation_class": null, "event_name": "", "institution": 1, "donorgroup": 4, "donation_type": "e", "amount_exact": "1000.00", "amount_range_low": "0.00", "amount_range_high": "0.00", "amount_other": "0", "donation_date_start": "2010-07-01", "donation_date_end": null, "collection_date": "2017-01-21", "date_entered": "2017-04-19T04:46:10.360Z", "data_source_name": "", "data_source_url": "https://santacruzmah.org/wp-content/uploads/2011/07/MAHannual-report_11.pdf"}}, {"model": "catalog.donation", "pk": "274fab22-c8dd-401a-bde8-9fe2008d22d7", "fields": {"person": 102, "donation_full_name": "", "donation_class": null, "event_name": "", "institution": 1, "donorgroup": 7, "donation_type": "e", "amount_exact": "250.00", "amount_range_low": "0.00", "amount_range_high": "0.00", "amount_other": "0", "donation_date_start": "2011-07-01", "donation_date_end": null, "collection_date": "2017-01-21", "date_entered": "2017-04-19T04:46:10.360Z", "data_source_name": "", "data_source_url": "https://santacruzmah.org/wp-content/uploads/2011/07/Annual-Report_Final_web.pdf"}}, {"model": "catalog.donation", "pk": "28108bfe-ccb3-458c-909a-b06cffac4987", "fields": {"person": 100, "donation_full_name": "", "donation_class": null, "event_name": "", "institution": 1, "donorgroup": 7, "donation_type": "e", "amount_exact": "250.00", "amount_range_low": "0.00", "amount_range_high": "0.00", "amount_other": "0", "donation_date_start": "2011-07-01", "donation_date_end": null, "collection_date": "2017-01-21", "date_entered": "2017-04-19T04:46:10.360Z", "data_source_name": "", "data_source_url": "https://santacruzmah.org/wp-content/uploads/2011/07/Annual-Report_Final_web.pdf"}}, {"model": "catalog.donation", "pk": "284f5b6e-4fb4-429f-9f5b-8d894dae041e", "fields": {"person": 74, "donation_full_name": "", "donation_class": null, "event_name": "", "institution": 1, "donorgroup": 5, "donation_type": "e", "amount_exact": "500.00", "amount_range_low": "0.00", "amount_range_high": "0.00", "amount_other": "0", "donation_date_start": "2010-07-01", "donation_date_end": null, "collection_date": "2017-01-21", "date_entered": "2017-04-19T04:46:10.360Z", "data_source_name": "", "data_source_url": "https://santacruzmah.org/wp-content/uploads/2011/07/MAHannual-report_11.pdf"}}, {"model": "catalog.donation", "pk": "2880d6cb-28a8-4f15-b250-6ef444596dd3", "fields": {"person": 91, "donation_full_name": "", "donation_class": null, "event_name": "", "institution": 1, "donorgroup": 5, "donation_type": "e", "amount_exact": "500.00", "amount_range_low": "0.00", "amount_range_high": "0.00", "amount_other": "0", "donation_date_start": "2011-07-01", "donation_date_end": null, "collection_date": "2017-01-21", "date_entered": "2017-04-19T04:46:10.360Z", "data_source_name": "", "data_source_url": "https://santacruzmah.org/wp-content/uploads/2011/07/Annual-Report_Final_web.pdf"}}, {"model": "catalog.donation", "pk": "29ce8b0b-2100-4625-93fd-7cd42d05dd01", "fields": {"person": 129, "donation_full_name": "Matts giant donation", "donation_class": "Matts classy art fund", "event_name": "Groovy art party", "institution": 1, "donorgroup": 7, "donation_type": "e", "amount_exact": "999.00", "amount_range_low": "0.00", "amount_range_high": "0.00", "amount_other": "Plus a bag of chips", "donation_date_start": "2015-04-18", "donation_date_end": "2016-04-18", "collection_date": "2017-04-18", "date_entered": "2017-04-19T04:46:10.360Z", "data_source_name": "Matts site", "data_source_url": "www.bing.com"}}, {"model": "catalog.donation", "pk": "2b42bad6-0908-467c-988d-381ffe858bcc", "fields": {"person": 112, "donation_full_name": "", "donation_class": null, "event_name": "", "institution": 1, "donorgroup": 7, "donation_type": "e", "amount_exact": "250.00", "amount_range_low": "0.00", "amount_range_high": "0.00", "amount_other": "0", "donation_date_start": "2011-07-01", "donation_date_end": null, "collection_date": "2017-01-21", "date_entered": "2017-04-19T04:46:10.360Z", "data_source_name": "", "data_source_url": "https://santacruzmah.org/wp-content/uploads/2011/07/Annual-Report_Final_web.pdf"}}, {"model": "catalog.donation", "pk": "2db28068-8952-406c-8a3e-fbfa38341d7c", "fields": {"person": 65, "donation_full_name": "", "donation_class": null, "event_name": "", "institution": 1, "donorgroup": 5, "donation_type": "e", "amount_exact": "500.00", "amount_range_low": "0.00", "amount_range_high": "0.00", "amount_other": "0", "donation_date_start": "2010-07-01", "donation_date_end": null, "collection_date": "2017-01-21", "date_entered": "2017-04-19T04:46:10.360Z", "data_source_name": "", "data_source_url": "https://santacruzmah.org/wp-content/uploads/2011/07/MAHannual-report_11.pdf"}}, {"model": "catalog.donation", "pk": "2e114aba-0a2d-4969-8a12-6d3a6f5f44eb", "fields": {"person": 43, "donation_full_name": "", "donation_class": null, "event_name": "", "institution": 1, "donorgroup": 6, "donation_type": "p", "amount_exact": "0.00", "amount_range_low": "1000.00", "amount_range_high": "0.00", "amount_other": "0", "donation_date_start": "2011-07-01", "donation_date_end": null, "collection_date": "2017-01-21", "date_entered": "2017-04-19T04:46:10.360Z", "data_source_name": "", "data_source_url": "https://santacruzmah.org/wp-content/uploads/2011/07/Annual-Report_Final_web.pdf"}}, {"model": "catalog.donation", "pk": "2f722491-e06a-4432-b0f6-faa31109c541", "fields": {"person": 7, "donation_full_name": "", "donation_class": null, "event_name": "", "institution": 1, "donorgroup": 2, "donation_type": "e", "amount_exact": "5000.00", "amount_range_low": "0.00", "amount_range_high": "0.00", "amount_other": "0", "donation_date_start": "2010-07-01", "donation_date_end": null, "collection_date": "2017-01-21", "date_entered": "2017-04-19T04:46:10.360Z", "data_source_name": "", "data_source_url": "https://santacruzmah.org/wp-content/uploads/2011/07/MAHannual-report_11.pdf"}}, {"model": "catalog.donation", "pk": "30b4fbc6-4faf-4f23-b571-b1f3c85154e7", "fields": {"person": 76, "donation_full_name": "", "donation_class": null, "event_name": "", "institution": 1, "donorgroup": 7, "donation_type": "e", "amount_exact": "250.00", "amount_range_low": "0.00", "amount_range_high": "0.00", "amount_other": "0", "donation_date_start": "2011-07-01", "donation_date_end": null, "collection_date": "2017-01-21", "date_entered": "2017-04-19T04:46:10.360Z", "data_source_name": "", "data_source_url": "https://santacruzmah.org/wp-content/uploads/2011/07/Annual-Report_Final_web.pdf"}}, {"model": "catalog.donation", "pk": "3833a40d-f41e-4fe8-ad3c-27bda00a3703", "fields": {"person": 10, "donation_full_name": "", "donation_class": null, "event_name": "", "institution": 1, "donorgroup": 3, "donation_type": "e", "amount_exact": "2500.00", "amount_range_low": "0.00", "amount_range_high": "0.00", "amount_other": "0", "donation_date_start": "2010-07-01", "donation_date_end": null, "collection_date": "2017-01-21", "date_entered": "2017-04-19T04:46:10.360Z", "data_source_name": "", "data_source_url": "https://santacruzmah.org/wp-content/uploads/2011/07/MAHannual-report_11.pdf"}}, {"model": "catalog.donation", "pk": "3906f338-7f54-4cd0-95fc-9b13f9b73d09", "fields": {"person": 24, "donation_full_name": "", "donation_class": null, "event_name": "", "institution": 1, "donorgroup": 4, "donation_type": "e", "amount_exact": "1000.00", "amount_range_low": "0.00", "amount_range_high": "0.00", "amount_other": "0", "donation_date_start": "2010-07-01", "donation_date_end": null, "collection_date": "2017-01-21", "date_entered": "2017-04-19T04:46:10.360Z", "data_source_name": "", "data_source_url": "https://santacruzmah.org/wp-content/uploads/2011/07/MAHannual-report_11.pdf"}}, {"model": "catalog.donation", "pk": "3980c72f-0335-4705-9100-f6232f11fe33", "fields": {"person": 106, "donation_full_name": "", "donation_class": null, "event_name": "", "institution": 1, "donorgroup": 7, "donation_type": "e", "amount_exact": "250.00", "amount_range_low": "0.00", "amount_range_high": "0.00", "amount_other": "0", "donation_date_start": "2011-07-01", "donation_date_end": null, "collection_date": "2017-01-21", "date_entered": "2017-04-19T04:46:10.360Z", "data_source_name": "", "data_source_url": "https://santacruzmah.org/wp-content/uploads/2011/07/Annual-Report_Final_web.pdf"}}, {"model": "catalog.donation", "pk": "3bee76f0-a382-4b4f-8014-dbc852c20e65", "fields": {"person": 108, "donation_full_name": "", "donation_class": null, "event_name": "", "institution": 1, "donorgroup": 7, "donation_type": "e", "amount_exact": "250.00", "amount_range_low": "0.00", "amount_range_high": "0.00", "amount_other": "0", "donation_date_start": "2011-07-01", "donation_date_end": null, "collection_date": "2017-01-21", "date_entered": "2017-04-19T04:46:10.360Z", "data_source_name": "", "data_source_url": "https://santacruzmah.org/wp-content/uploads/2011/07/Annual-Report_Final_web.pdf"}}, {"model": "catalog.donation", "pk": "3d701059-030a-494b-a68f-1b83fab72d4a", "fields": {"person": 78, "donation_full_name": "", "donation_class": null, "event_name": "", "institution": 1, "donorgroup": 5, "donation_type": "e", "amount_exact": "500.00", "amount_range_low": "0.00", "amount_range_high": "0.00", "amount_other": "0", "donation_date_start": "2011-07-01", "donation_date_end": null, "collection_date": "2017-01-21", "date_entered": "2017-04-19T04:46:10.360Z", "data_source_name": "", "data_source_url": "https://santacruzmah.org/wp-content/uploads/2011/07/Annual-Report_Final_web.pdf"}}, {"model": "catalog.donation", "pk": "4031d58a-7d6b-48a7-9053-0a356749c2cd", "fields": {"person": 71, "donation_full_name": "", "donation_class": null, "event_name": "", "institution": 1, "donorgroup": 5, "donation_type": "e", "amount_exact": "500.00", "amount_range_low": "0.00", "amount_range_high": "0.00", "amount_other": "0", "donation_date_start": "2010-07-01", "donation_date_end": null, "collection_date": "2017-01-21", "date_entered": "2017-04-19T04:46:10.360Z", "data_source_name": "", "data_source_url": "https://santacruzmah.org/wp-content/uploads/2011/07/MAHannual-report_11.pdf"}}, {"model": "catalog.donation", "pk": "409a1516-764f-45d4-b7f6-bb6307300db0", "fields": {"person": 79, "donation_full_name": "", "donation_class": null, "event_name": "", "institution": 1, "donorgroup": 5, "donation_type": "e", "amount_exact": "500.00", "amount_range_low": "0.00", "amount_range_high": "0.00", "amount_other": "0", "donation_date_start": "2011-07-01", "donation_date_end": null, "collection_date": "2017-01-21", "date_entered": "2017-04-19T04:46:10.360Z", "data_source_name": "", "data_source_url": "https://santacruzmah.org/wp-content/uploads/2011/07/Annual-Report_Final_web.pdf"}}, {"model": "catalog.donation", "pk": "409d171e-9cf5-420c-9ec2-71343fb7b867", "fields": {"person": 36, "donation_full_name": "", "donation_class": null, "event_name": "", "institution": 1, "donorgroup": 4, "donation_type": "e", "amount_exact": "1000.00", "amount_range_low": "0.00", "amount_range_high": "0.00", "amount_other": "0", "donation_date_start": "2010-07-01", "donation_date_end": null, "collection_date": "2017-01-21", "date_entered": "2017-04-19T04:46:10.360Z", "data_source_name": "", "data_source_url": "https://santacruzmah.org/wp-content/uploads/2011/07/MAHannual-report_11.pdf"}}, {"model": "catalog.donation", "pk": "41b9b894-3028-4715-95de-0264c70b7ece", "fields": {"person": 61, "donation_full_name": "", "donation_class": null, "event_name": "", "institution": 1, "donorgroup": 5, "donation_type": "e", "amount_exact": "500.00", "amount_range_low": "0.00", "amount_range_high": "0.00", "amount_other": "0", "donation_date_start": "2011-07-01", "donation_date_end": null, "collection_date": "2017-01-21", "date_entered": "2017-04-19T04:46:10.360Z", "data_source_name": "", "data_source_url": "https://santacruzmah.org/wp-content/uploads/2011/07/Annual-Report_Final_web.pdf"}}, {"model": "catalog.donation", "pk": "42866a93-85ed-41ce-935d-26ad636136b0", "fields": {"person": 55, "donation_full_name": "", "donation_class": null, "event_name": "", "institution": 1, "donorgroup": 5, "donation_type": "e", "amount_exact": "500.00", "amount_range_low": "0.00", "amount_range_high": "0.00", "amount_other": "0", "donation_date_start": "2010-07-01", "donation_date_end": null, "collection_date": "2017-01-21", "date_entered": "2017-04-19T04:46:10.360Z", "data_source_name": "", "data_source_url": "https://santacruzmah.org/wp-content/uploads/2011/07/MAHannual-report_11.pdf"}}, {"model": "catalog.donation", "pk": "4367c658-c77e-4f4b-bccb-12e380e80794", "fields": {"person": 23, "donation_full_name": "", "donation_class": null, "event_name": "", "institution": 1, "donorgroup": 4, "donation_type": "e", "amount_exact": "1000.00", "amount_range_low": "0.00", "amount_range_high": "0.00", "amount_other": "0", "donation_date_start": "2010-07-01", "donation_date_end": null, "collection_date": "2017-01-21", "date_entered": "2017-04-19T04:46:10.360Z", "data_source_name": "", "data_source_url": "https://santacruzmah.org/wp-content/uploads/2011/07/MAHannual-report_11.pdf"}}, {"model": "catalog.donation", "pk": "43827b7d-a734-40cd-b581-8639456037bc", "fields": {"person": 30, "donation_full_name": "", "donation_class": null, "event_name": "", "institution": 1, "donorgroup": 4, "donation_type": "e", "amount_exact": "1000.00", "amount_range_low": "0.00", "amount_range_high": "0.00", "amount_other": "0", "donation_date_start": "2010-07-01", "donation_date_end": null, "collection_date": "2017-01-21", "date_entered": "2017-04-19T04:46:10.360Z", "data_source_name": "", "data_source_url": "https://santacruzmah.org/wp-content/uploads/2011/07/MAHannual-report_11.pdf"}}, {"model": "catalog.donation", "pk": "4387f22b-a255-442c-af81-0a977a573e13", "fields": {"person": 80, "donation_full_name": "", "donation_class": null, "event_name": "", "institution": 1, "donorgroup": 6, "donation_type": "p", "amount_exact": "0.00", "amount_range_low": "1000.00", "amount_range_high": "0.00", "amount_other": "0", "donation_date_start": "2011-07-01", "donation_date_end": null, "collection_date": "2017-01-21", "date_entered": "2017-04-19T04:46:10.360Z", "data_source_name": "", "data_source_url": "https://santacruzmah.org/wp-content/uploads/2011/07/Annual-Report_Final_web.pdf"}}, {"model": "catalog.donation", "pk": "461be1ea-e774-4cdc-8e6a-c1d05b0e30fb", "fields": {"person": 87, "donation_full_name": "", "donation_class": null, "event_name": "", "institution": 1, "donorgroup": 6, "donation_type": "p", "amount_exact": "0.00", "amount_range_low": "1000.00", "amount_range_high": "0.00", "amount_other": "0", "donation_date_start": "2011-07-01", "donation_date_end": null, "collection_date": "2017-01-21", "date_entered": "2017-04-19T04:46:10.360Z", "data_source_name": "", "data_source_url": "https://santacruzmah.org/wp-content/uploads/2011/07/Annual-Report_Final_web.pdf"}}, {"model": "catalog.donation", "pk": "480333c3-3457-4826-9075-0237d200b69c", "fields": {"person": 40, "donation_full_name": "", "donation_class": null, "event_name": "", "institution": 1, "donorgroup": 4, "donation_type": "e", "amount_exact": "1000.00", "amount_range_low": "0.00", "amount_range_high": "0.00", "amount_other": "0", "donation_date_start": "2010-07-01", "donation_date_end": null, "collection_date": "2017-01-21", "date_entered": "2017-04-19T04:46:10.360Z", "data_source_name": "", "data_source_url": "https://santacruzmah.org/wp-content/uploads/2011/07/MAHannual-report_11.pdf"}}, {"model": "catalog.donation", "pk": "4872d9f9-b03a-4801-a861-b5dc6fe6f026", "fields": {"person": 104, "donation_full_name": "", "donation_class": null, "event_name": "", "institution": 1, "donorgroup": 7, "donation_type": "e", "amount_exact": "250.00", "amount_range_low": "0.00", "amount_range_high": "0.00", "amount_other": "0", "donation_date_start": "2011-07-01", "donation_date_end": null, "collection_date": "2017-01-21", "date_entered": "2017-04-19T04:46:10.360Z", "data_source_name": "", "data_source_url": "https://santacruzmah.org/wp-content/uploads/2011/07/Annual-Report_Final_web.pdf"}}, {"model": "catalog.donation", "pk": "4afafacd-4773-4993-a482-810a82ea34d4", "fields": {"person": 27, "donation_full_name": "", "donation_class": null, "event_name": "", "institution": 1, "donorgroup": 4, "donation_type": "e", "amount_exact": "1000.00", "amount_range_low": "0.00", "amount_range_high": "0.00", "amount_other": "0", "donation_date_start": "2010-07-01", "donation_date_end": null, "collection_date": "2017-01-21", "date_entered": "2017-04-19T04:46:10.360Z", "data_source_name": "", "data_source_url": "https://santacruzmah.org/wp-content/uploads/2011/07/MAHannual-report_11.pdf"}}, {"model": "catalog.donation", "pk": "4c61b993-a699-4103-a8e3-48a3a86d5d44", "fields": {"person": 29, "donation_full_name": "", "donation_class": null, "event_name": "", "institution": 1, "donorgroup": 6, "donation_type": "p", "amount_exact": "0.00", "amount_range_low": "1000.00", "amount_range_high": "0.00", "amount_other": "0", "donation_date_start": "2011-07-01", "donation_date_end": null, "collection_date": "2017-01-21", "date_entered": "2017-04-19T04:46:10.360Z", "data_source_name": "", "data_source_url": "https://santacruzmah.org/wp-content/uploads/2011/07/Annual-Report_Final_web.pdf"}}, {"model": "catalog.donation", "pk": "4cbb5bc9-2b18-4bc9-9d13-14f24108651f", "fields": {"person": 33, "donation_full_name": "", "donation_class": null, "event_name": "", "institution": 1, "donorgroup": 6, "donation_type": "p", "amount_exact": "0.00", "amount_range_low": "1000.00", "amount_range_high": "0.00", "amount_other": "0", "donation_date_start": "2011-07-01", "donation_date_end": null, "collection_date": "2017-01-21", "date_entered": "2017-04-19T04:46:10.360Z", "data_source_name": "", "data_source_url": "https://santacruzmah.org/wp-content/uploads/2011/07/Annual-Report_Final_web.pdf"}}, {"model": "catalog.donation", "pk": "4d8279c8-9330-4bde-a398-95b85a18f4f8", "fields": {"person": 41, "donation_full_name": "", "donation_class": null, "event_name": "", "institution": 1, "donorgroup": 5, "donation_type": "e", "amount_exact": "500.00", "amount_range_low": "0.00", "amount_range_high": "0.00", "amount_other": "0", "donation_date_start": "2011-07-01", "donation_date_end": null, "collection_date": "2017-01-21", "date_entered": "2017-04-19T04:46:10.360Z", "data_source_name": "", "data_source_url": "https://santacruzmah.org/wp-content/uploads/2011/07/Annual-Report_Final_web.pdf"}}, {"model": "catalog.donation", "pk": "4db243d6-bbae-4b05-bcde-5f29612bda73", "fields": {"person": 54, "donation_full_name": "", "donation_class": null, "event_name": "", "institution": 1, "donorgroup": 5, "donation_type": "e", "amount_exact": "500.00", "amount_range_low": "0.00", "amount_range_high": "0.00", "amount_other": "0", "donation_date_start": "2010-07-01", "donation_date_end": null, "collection_date": "2017-01-21", "date_entered": "2017-04-19T04:46:10.360Z", "data_source_name": "", "data_source_url": "https://santacruzmah.org/wp-content/uploads/2011/07/MAHannual-report_11.pdf"}}, {"model": "catalog.donation", "pk": "4ef86fc5-1ee7-49f9-a371-7b7a9cd54175", "fields": {"person": 14, "donation_full_name": "", "donation_class": null, "event_name": "", "institution": 1, "donorgroup": 6, "donation_type": "p", "amount_exact": "0.00", "amount_range_low": "1000.00", "amount_range_high": "0.00", "amount_other": "0", "donation_date_start": "2011-07-01", "donation_date_end": null, "collection_date": "2017-01-21", "date_entered": "2017-04-19T04:46:10.360Z", "data_source_name": "", "data_source_url": "https://santacruzmah.org/wp-content/uploads/2011/07/Annual-Report_Final_web.pdf"}}, {"model": "catalog.donation", "pk": "4f1f6f86-f5b5-4f22-a3f1-63b43620ba70", "fields": {"person": 12, "donation_full_name": "", "donation_class": null, "event_name": "", "institution": 1, "donorgroup": 3, "donation_type": "e", "amount_exact": "2500.00", "amount_range_low": "0.00", "amount_range_high": "0.00", "amount_other": "0", "donation_date_start": "2010-07-01", "donation_date_end": null, "collection_date": "2017-01-21", "date_entered": "2017-04-19T04:46:10.360Z", "data_source_name": "", "data_source_url": "https://santacruzmah.org/wp-content/uploads/2011/07/MAHannual-report_11.pdf"}}, {"model": "catalog.donation", "pk": "4f408d11-50c3-4e5d-ab44-ddcbc1082528", "fields": {"person": 16, "donation_full_name": "", "donation_class": null, "event_name": "", "institution": 1, "donorgroup": 5, "donation_type": "e", "amount_exact": "500.00", "amount_range_low": "0.00", "amount_range_high": "0.00", "amount_other": "0", "donation_date_start": "2011-07-01", "donation_date_end": null, "collection_date": "2017-01-21", "date_entered": "2017-04-19T04:46:10.360Z", "data_source_name": "", "data_source_url": "https://santacruzmah.org/wp-content/uploads/2011/07/Annual-Report_Final_web.pdf"}}, {"model": "catalog.donation", "pk": "4fcf4019-9aa2-49dc-be93-c06ad7c931c0", "fields": {"person": 17, "donation_full_name": "", "donation_class": null, "event_name": "", "institution": 1, "donorgroup": 4, "donation_type": "e", "amount_exact": "1000.00", "amount_range_low": "0.00", "amount_range_high": "0.00", "amount_other": "0", "donation_date_start": "2010-07-01", "donation_date_end": null, "collection_date": "2017-01-21", "date_entered": "2017-04-19T04:46:10.360Z", "data_source_name": "", "data_source_url": "https://santacruzmah.org/wp-content/uploads/2011/07/MAHannual-report_11.pdf"}}, {"model": "catalog.donation", "pk": "4fd1c173-e799-47b4-a061-0738af94b627", "fields": {"person": 107, "donation_full_name": "", "donation_class": null, "event_name": "", "institution": 1, "donorgroup": 7, "donation_type": "e", "amount_exact": "250.00", "amount_range_low": "0.00", "amount_range_high": "0.00", "amount_other": "0", "donation_date_start": "2011-07-01", "donation_date_end": null, "collection_date": "2017-01-21", "date_entered": "2017-04-19T04:46:10.360Z", "data_source_name": "", "data_source_url": "https://santacruzmah.org/wp-content/uploads/2011/07/Annual-Report_Final_web.pdf"}}, {"model": "catalog.donation", "pk": "51578293-45b4-4819-be37-080fd94b3730", "fields": {"person": 19, "donation_full_name": "", "donation_class": null, "event_name": "", "institution": 1, "donorgroup": 4, "donation_type": "e", "amount_exact": "1000.00", "amount_range_low": "0.00", "amount_range_high": "0.00", "amount_other": "0", "donation_date_start": "2010-07-01", "donation_date_end": null, "collection_date": "2017-01-21", "date_entered": "2017-04-19T04:46:10.360Z", "data_source_name": "", "data_source_url": "https://santacruzmah.org/wp-content/uploads/2011/07/MAHannual-report_11.pdf"}}, {"model": "catalog.donation", "pk": "557ae1a4-f7f4-4c34-891e-06cb62c1c432", "fields": {"person": 4, "donation_full_name": "", "donation_class": null, "event_name": "", "institution": 1, "donorgroup": 6, "donation_type": "p", "amount_exact": "0.00", "amount_range_low": "1000.00", "amount_range_high": "0.00", "amount_other": "0", "donation_date_start": "2011-07-01", "donation_date_end": null, "collection_date": "2017-01-21", "date_entered": "2017-04-19T04:46:10.360Z", "data_source_name": "", "data_source_url": "https://santacruzmah.org/wp-content/uploads/2011/07/Annual-Report_Final_web.pdf"}}, {"model": "catalog.donation", "pk": "55e512d2-b31f-4e60-8f8f-72f005d4cc3d", "fields": {"person": 6, "donation_full_name": "", "donation_class": null, "event_name": "", "institution": 1, "donorgroup": 6, "donation_type": "p", "amount_exact": "0.00", "amount_range_low": "1000.00", "amount_range_high": "0.00", "amount_other": "0", "donation_date_start": "2011-07-01", "donation_date_end": null, "collection_date": "2017-01-21", "date_entered": "2017-04-19T04:46:10.360Z", "data_source_name": "", "data_source_url": "https://santacruzmah.org/wp-content/uploads/2011/07/Annual-Report_Final_web.pdf"}}, {"model": "catalog.donation", "pk": "5609fdee-5739-4cf2-b23c-2ac3818d5bf0", "fields": {"person": 32, "donation_full_name": "", "donation_class": null, "event_name": "", "institution": 1, "donorgroup": 4, "donation_type": "e", "amount_exact": "1000.00", "amount_range_low": "0.00", "amount_range_high": "0.00", "amount_other": "0", "donation_date_start": "2010-07-01", "donation_date_end": null, "collection_date": "2017-01-21", "date_entered": "2017-04-19T04:46:10.360Z", "data_source_name": "", "data_source_url": "https://santacruzmah.org/wp-content/uploads/2011/07/MAHannual-report_11.pdf"}}, {"model": "catalog.donation", "pk": "57ef7e4c-4e59-41e1-832e-a37e36c0cfe3", "fields": {"person": 8, "donation_full_name": "", "donation_class": null, "event_name": "", "institution": 1, "donorgroup": 2, "donation_type": "e", "amount_exact": "5000.00", "amount_range_low": "0.00", "amount_range_high": "0.00", "amount_other": "0", "donation_date_start": "2010-07-01", "donation_date_end": null, "collection_date": "2017-01-21", "date_entered": "2017-04-19T04:46:10.360Z", "data_source_name": "", "data_source_url": "https://santacruzmah.org/wp-content/uploads/2011/07/MAHannual-report_11.pdf"}}, {"model": "catalog.donation", "pk": "596bbcf7-b92e-4007-98b8-ab5b1a620ef3", "fields": {"person": 113, "donation_full_name": "", "donation_class": null, "event_name": "", "institution": 1, "donorgroup": 7, "donation_type": "e", "amount_exact": "250.00", "amount_range_low": "0.00", "amount_range_high": "0.00", "amount_other": "0", "donation_date_start": "2011-07-01", "donation_date_end": null, "collection_date": "2017-01-21", "date_entered": "2017-04-19T04:46:10.360Z", "data_source_name": "", "data_source_url": "https://santacruzmah.org/wp-content/uploads/2011/07/Annual-Report_Final_web.pdf"}}, {"model": "catalog.donation", "pk": "59c8d816-df77-4ede-bfac-a9bb1607a12b", "fields": {"person": 126, "donation_full_name": "", "donation_class": null, "event_name": "", "institution": 1, "donorgroup": 7, "donation_type": "e", "amount_exact": "250.00", "amount_range_low": "0.00", "amount_range_high": "0.00", "amount_other": "0", "donation_date_start": "2011-07-01", "donation_date_end": null, "collection_date": "2017-01-21", "date_entered": "2017-04-19T04:46:10.360Z", "data_source_name": "", "data_source_url": "https://santacruzmah.org/wp-content/uploads/2011/07/Annual-Report_Final_web.pdf"}}, {"model": "catalog.donation", "pk": "5a90ff4f-95c5-4f09-9035-1c5890857fd2", "fields": {"person": 42, "donation_full_name": "", "donation_class": null, "event_name": "", "institution": 1, "donorgroup": 4, "donation_type": "e", "amount_exact": "1000.00", "amount_range_low": "0.00", "amount_range_high": "0.00", "amount_other": "0", "donation_date_start": "2010-07-01", "donation_date_end": null, "collection_date": "2017-01-21", "date_entered": "2017-04-19T04:46:10.360Z", "data_source_name": "", "data_source_url": "https://santacruzmah.org/wp-content/uploads/2011/07/MAHannual-report_11.pdf"}}, {"model": "catalog.donation", "pk": "5c173516-9666-4322-ac0d-de8aae57fc02", "fields": {"person": 7, "donation_full_name": "", "donation_class": null, "event_name": "", "institution": 1, "donorgroup": 6, "donation_type": "p", "amount_exact": "0.00", "amount_range_low": "1000.00", "amount_range_high": "0.00", "amount_other": "0", "donation_date_start": "2011-07-01", "donation_date_end": null, "collection_date": "2017-01-21", "date_entered": "2017-04-19T04:46:10.360Z", "data_source_name": "", "data_source_url": "https://santacruzmah.org/wp-content/uploads/2011/07/Annual-Report_Final_web.pdf"}}, {"model": "catalog.donation", "pk": "5dc6c94f-fbad-4537-9fb9-dacc73398193", "fields": {"person": 60, "donation_full_name": "", "donation_class": null, "event_name": "", "institution": 1, "donorgroup": 5, "donation_type": "e", "amount_exact": "500.00", "amount_range_low": "0.00", "amount_range_high": "0.00", "amount_other": "0", "donation_date_start": "2011-07-01", "donation_date_end": null, "collection_date": "2017-01-21", "date_entered": "2017-04-19T04:46:10.360Z", "data_source_name": "", "data_source_url": "https://santacruzmah.org/wp-content/uploads/2011/07/Annual-Report_Final_web.pdf"}}, {"model": "catalog.donation", "pk": "5df7ecde-cbfb-4050-97a3-7dbfbfbe3465", "fields": {"person": 23, "donation_full_name": "", "donation_class": null, "event_name": "", "institution": 1, "donorgroup": 5, "donation_type": "e", "amount_exact": "500.00", "amount_range_low": "0.00", "amount_range_high": "0.00", "amount_other": "0", "donation_date_start": "2011-07-01", "donation_date_end": null, "collection_date": "2017-01-21", "date_entered": "2017-04-19T04:46:10.360Z", "data_source_name": "", "data_source_url": "https://santacruzmah.org/wp-content/uploads/2011/07/Annual-Report_Final_web.pdf"}}, {"model": "catalog.donation", "pk": "5f3d03ad-5b00-44ce-a26c-d042aebd66eb", "fields": {"person": 13, "donation_full_name": "", "donation_class": null, "event_name": "", "institution": 1, "donorgroup": 3, "donation_type": "e", "amount_exact": "2500.00", "amount_range_low": "0.00", "amount_range_high": "0.00", "amount_other": "0", "donation_date_start": "2010-07-01", "donation_date_end": null, "collection_date": "2017-01-21", "date_entered": "2017-04-19T04:46:10.360Z", "data_source_name": "", "data_source_url": "https://santacruzmah.org/wp-content/uploads/2011/07/MAHannual-report_11.pdf"}}, {"model": "catalog.donation", "pk": "5f93b207-d156-45b7-b35e-c29c89f9f835", "fields": {"person": 63, "donation_full_name": "", "donation_class": null, "event_name": "", "institution": 1, "donorgroup": 5, "donation_type": "e", "amount_exact": "500.00", "amount_range_low": "0.00", "amount_range_high": "0.00", "amount_other": "0", "donation_date_start": "2010-07-01", "donation_date_end": null, "collection_date": "2017-01-21", "date_entered": "2017-04-19T04:46:10.360Z", "data_source_name": "", "data_source_url": "https://santacruzmah.org/wp-content/uploads/2011/07/MAHannual-report_11.pdf"}}, {"model": "catalog.donation", "pk": "5f9dfc63-4ae2-42de-a1de-6c802100d615", "fields": {"person": 44, "donation_full_name": "", "donation_class": null, "event_name": "", "institution": 1, "donorgroup": 4, "donation_type": "e", "amount_exact": "1000.00", "amount_range_low": "0.00", "amount_range_high": "0.00", "amount_other": "0", "donation_date_start": "2010-07-01", "donation_date_end": null, "collection_date": "2017-01-21", "date_entered": "2017-04-19T04:46:10.360Z", "data_source_name": "", "data_source_url": "https://santacruzmah.org/wp-content/uploads/2011/07/MAHannual-report_11.pdf"}}, {"model": "catalog.donation", "pk": "6164c746-446e-4ccc-abda-c47abd93292b", "fields": {"person": 58, "donation_full_name": "", "donation_class": null, "event_name": "", "institution": 1, "donorgroup": 7, "donation_type": "e", "amount_exact": "250.00", "amount_range_low": "0.00", "amount_range_high": "0.00", "amount_other": "0", "donation_date_start": "2011-07-01", "donation_date_end": null, "collection_date": "2017-01-21", "date_entered": "2017-04-19T04:46:10.360Z", "data_source_name": "", "data_source_url": "https://santacruzmah.org/wp-content/uploads/2011/07/Annual-Report_Final_web.pdf"}}, {"model": "catalog.donation", "pk": "61a6047a-e38f-480b-bb9c-a342ce7b62c3", "fields": {"person": 64, "donation_full_name": "", "donation_class": null, "event_name": "", "institution": 1, "donorgroup": 5, "donation_type": "e", "amount_exact": "500.00", "amount_range_low": "0.00", "amount_range_high": "0.00", "amount_other": "0", "donation_date_start": "2010-07-01", "donation_date_end": null, "collection_date": "2017-01-21", "date_entered": "2017-04-19T04:46:10.360Z", "data_source_name": "", "data_source_url": "https://santacruzmah.org/wp-content/uploads/2011/07/MAHannual-report_11.pdf"}}, {"model": "catalog.donation", "pk": "620fd68d-5fb1-41aa-82f9-ac504b21efcb", "fields": {"person": 22, "donation_full_name": "", "donation_class": null, "event_name": "", "institution": 1, "donorgroup": 7, "donation_type": "e", "amount_exact": "250.00", "amount_range_low": "0.00", "amount_range_high": "0.00", "amount_other": "0", "donation_date_start": "2011-07-01", "donation_date_end": null, "collection_date": "2017-01-21", "date_entered": "2017-04-19T04:46:10.360Z", "data_source_name": "", "data_source_url": "https://santacruzmah.org/wp-content/uploads/2011/07/Annual-Report_Final_web.pdf"}}, {"model": "catalog.donation", "pk": "62414009-ba19-4026-98f8-9ce3975f1635", "fields": {"person": 57, "donation_full_name": "", "donation_class": null, "event_name": "", "institution": 1, "donorgroup": 5, "donation_type": "e", "amount_exact": "500.00", "amount_range_low": "0.00", "amount_range_high": "0.00", "amount_other": "0", "donation_date_start": "2010-07-01", "donation_date_end": null, "collection_date": "2017-01-21", "date_entered": "2017-04-19T04:46:10.360Z", "data_source_name": "", "data_source_url": "https://santacruzmah.org/wp-content/uploads/2011/07/MAHannual-report_11.pdf"}}, {"model": "catalog.donation", "pk": "6479cfc0-5696-43be-b944-2fdb1fd6bf7c", "fields": {"person": 76, "donation_full_name": "", "donation_class": null, "event_name": "", "institution": 1, "donorgroup": 5, "donation_type": "e", "amount_exact": "500.00", "amount_range_low": "0.00", "amount_range_high": "0.00", "amount_other": "0", "donation_date_start": "2010-07-01", "donation_date_end": null, "collection_date": "2017-01-21", "date_entered": "2017-04-19T04:46:10.360Z", "data_source_name": "", "data_source_url": "https://santacruzmah.org/wp-content/uploads/2011/07/MAHannual-report_11.pdf"}}, {"model": "catalog.donation", "pk": "6555ac70-6487-4979-ae0a-90b4bc367d04", "fields": {"person": 11, "donation_full_name": "", "donation_class": null, "event_name": "", "institution": 1, "donorgroup": 6, "donation_type": "p", "amount_exact": "0.00", "amount_range_low": "1000.00", "amount_range_high": "0.00", "amount_other": "0", "donation_date_start": "2011-07-01", "donation_date_end": null, "collection_date": "2017-01-21", "date_entered": "2017-04-19T04:46:10.360Z", "data_source_name": "", "data_source_url": "https://santacruzmah.org/wp-content/uploads/2011/07/Annual-Report_Final_web.pdf"}}, {"model": "catalog.donation", "pk": "66c1e7de-94c9-4564-911b-f4bf44400d8d", "fields": {"person": 123, "donation_full_name": "", "donation_class": null, "event_name": "", "institution": 1, "donorgroup": 7, "donation_type": "e", "amount_exact": "250.00", "amount_range_low": "0.00", "amount_range_high": "0.00", "amount_other": "0", "donation_date_start": "2011-07-01", "donation_date_end": null, "collection_date": "2017-01-21", "date_entered": "2017-04-19T04:46:10.360Z", "data_source_name": "", "data_source_url": "https://santacruzmah.org/wp-content/uploads/2011/07/Annual-Report_Final_web.pdf"}}, {"model": "catalog.donation", "pk": "6739411e-9ab9-4b6b-aa1e-3ccbd1316368", "fields": {"person": 25, "donation_full_name": "", "donation_class": null, "event_name": "", "institution": 1, "donorgroup": 4, "donation_type": "e", "amount_exact": "1000.00", "amount_range_low": "0.00", "amount_range_high": "0.00", "amount_other": "0", "donation_date_start": "2010-07-01", "donation_date_end": null, "collection_date": "2017-01-21", "date_entered": "2017-04-19T04:46:10.360Z", "data_source_name": "", "data_source_url": "https://santacruzmah.org/wp-content/uploads/2011/07/MAHannual-report_11.pdf"}}, {"model": "catalog.donation", "pk": "6756e7bf-5dd3-4950-81b9-3a7f21b7270d", "fields": {"person": 90, "donation_full_name": "", "donation_class": null, "event_name": "", "institution": 1, "donorgroup": 5, "donation_type": "e", "amount_exact": "500.00", "amount_range_low": "0.00", "amount_range_high": "0.00", "amount_other": "0", "donation_date_start": "2011-07-01", "donation_date_end": null, "collection_date": "2017-01-21", "date_entered": "2017-04-19T04:46:10.360Z", "data_source_name": "", "data_source_url": "https://santacruzmah.org/wp-content/uploads/2011/07/Annual-Report_Final_web.pdf"}}, {"model": "catalog.donation", "pk": "6819935d-b0be-449c-b2ab-38cdd1172be4", "fields": {"person": 52, "donation_full_name": "", "donation_class": null, "event_name": "", "institution": 1, "donorgroup": 5, "donation_type": "e", "amount_exact": "500.00", "amount_range_low": "0.00", "amount_range_high": "0.00", "amount_other": "0", "donation_date_start": "2010-07-01", "donation_date_end": null, "collection_date": "2017-01-21", "date_entered": "2017-04-19T04:46:10.360Z", "data_source_name": "", "data_source_url": "https://santacruzmah.org/wp-content/uploads/2011/07/MAHannual-report_11.pdf"}}, {"model": "catalog.donation", "pk": "69d1cf6e-7ac5-474f-b8e4-028789673af2", "fields": {"person": 83, "donation_full_name": "", "donation_class": null, "event_name": "", "institution": 1, "donorgroup": 6, "donation_type": "p", "amount_exact": "0.00", "amount_range_low": "1000.00", "amount_range_high": "0.00", "amount_other": "0", "donation_date_start": "2011-07-01", "donation_date_end": null, "collection_date": "2017-01-21", "date_entered": "2017-04-19T04:46:10.360Z", "data_source_name": "", "data_source_url": "https://santacruzmah.org/wp-content/uploads/2011/07/Annual-Report_Final_web.pdf"}}, {"model": "catalog.donation", "pk": "69e615f5-198b-4170-b685-e5ff678f6676", "fields": {"person": 28, "donation_full_name": "", "donation_class": null, "event_name": "", "institution": 1, "donorgroup": 4, "donation_type": "e", "amount_exact": "1000.00", "amount_range_low": "0.00", "amount_range_high": "0.00", "amount_other": "0", "donation_date_start": "2010-07-01", "donation_date_end": null, "collection_date": "2017-01-21", "date_entered": "2017-04-19T04:46:10.360Z", "data_source_name": "", "data_source_url": "https://santacruzmah.org/wp-content/uploads/2011/07/MAHannual-report_11.pdf"}}, {"model": "catalog.donation", "pk": "6a26ea97-48e6-42bd-8719-505f72f8ed62", "fields": {"person": 44, "donation_full_name": "", "donation_class": null, "event_name": "", "institution": 1, "donorgroup": 6, "donation_type": "p", "amount_exact": "0.00", "amount_range_low": "1000.00", "amount_range_high": "0.00", "amount_other": "0", "donation_date_start": "2011-07-01", "donation_date_end": null, "collection_date": "2017-01-21", "date_entered": "2017-04-19T04:46:10.360Z", "data_source_name": "", "data_source_url": "https://santacruzmah.org/wp-content/uploads/2011/07/Annual-Report_Final_web.pdf"}}, {"model": "catalog.donation", "pk": "6a6f303e-d0ad-4c28-a38b-a49022eb6b1c", "fields": {"person": 53, "donation_full_name": "", "donation_class": "", "event_name": "", "institution": 1, "donorgroup": 5, "donation_type": "e", "amount_exact": "500.00", "amount_range_low": "0.00", "amount_range_high": "0.00", "amount_other": "0", "donation_date_start": "2010-07-01", "donation_date_end": null, "collection_date": "2017-01-21", "date_entered": "2017-04-19T04:46:10.360Z", "data_source_name": "", "data_source_url": "https://santacruzmah.org/wp-content/uploads/2011/07/MAHannual-report_11.pdf"}}, {"model": "catalog.donation", "pk": "6b27f4a6-df8e-4a27-a49b-fbc0ce2d4aba", "fields": {"person": 26, "donation_full_name": "", "donation_class": null, "event_name": "", "institution": 1, "donorgroup": 6, "donation_type": "p", "amount_exact": "0.00", "amount_range_low": "1000.00", "amount_range_high": "0.00", "amount_other": "0", "donation_date_start": "2011-07-01", "donation_date_end": null, "collection_date": "2017-01-21", "date_entered": "2017-04-19T04:46:10.360Z", "data_source_name": "", "data_source_url": "https://santacruzmah.org/wp-content/uploads/2011/07/Annual-Report_Final_web.pdf"}}, {"model": "catalog.donation", "pk": "6d187fee-b132-4598-8742-5417aaf948bf", "fields": {"person": 16, "donation_full_name": "", "donation_class": null, "event_name": "", "institution": 1, "donorgroup": 4, "donation_type": "e", "amount_exact": "1000.00", "amount_range_low": "0.00", "amount_range_high": "0.00", "amount_other": "0", "donation_date_start": "2010-07-01", "donation_date_end": null, "collection_date": "2017-01-21", "date_entered": "2017-04-19T04:46:10.360Z", "data_source_name": "", "data_source_url": "https://santacruzmah.org/wp-content/uploads/2011/07/MAHannual-report_11.pdf"}}, {"model": "catalog.donation", "pk": "6d6121a6-1a8a-4703-ab15-48624926d2d7", "fields": {"person": 88, "donation_full_name": "", "donation_class": null, "event_name": "", "institution": 1, "donorgroup": 6, "donation_type": "p", "amount_exact": "0.00", "amount_range_low": "1000.00", "amount_range_high": "0.00", "amount_other": "0", "donation_date_start": "2011-07-01", "donation_date_end": null, "collection_date": "2017-01-21", "date_entered": "2017-04-19T04:46:10.360Z", "data_source_name": "", "data_source_url": "https://santacruzmah.org/wp-content/uploads/2011/07/Annual-Report_Final_web.pdf"}}, {"model": "catalog.donation", "pk": "6e32675f-a891-4bde-9b4f-a44ec9d9ea71", "fields": {"person": 61, "donation_full_name": "", "donation_class": null, "event_name": "", "institution": 1, "donorgroup": 5, "donation_type": "e", "amount_exact": "500.00", "amount_range_low": "0.00", "amount_range_high": "0.00", "amount_other": "0", "donation_date_start": "2010-07-01", "donation_date_end": null, "collection_date": "2017-01-21", "date_entered": "2017-04-19T04:46:10.360Z", "data_source_name": "", "data_source_url": "https://santacruzmah.org/wp-content/uploads/2011/07/MAHannual-report_11.pdf"}}, {"model": "catalog.donation", "pk": "74c93dd1-6cb0-4f38-b7d1-85a91b6e15f0", "fields": {"person": 59, "donation_full_name": "", "donation_class": null, "event_name": "", "institution": 1, "donorgroup": 5, "donation_type": "e", "amount_exact": "500.00", "amount_range_low": "0.00", "amount_range_high": "0.00", "amount_other": "0", "donation_date_start": "2010-07-01", "donation_date_end": null, "collection_date": "2017-01-21", "date_entered": "2017-04-19T04:46:10.360Z", "data_source_name": "", "data_source_url": "https://santacruzmah.org/wp-content/uploads/2011/07/MAHannual-report_11.pdf"}}, {"model": "catalog.donation", "pk": "75145f40-378b-4ee2-bd2f-759781e4abfd", "fields": {"person": 46, "donation_full_name": "", "donation_class": null, "event_name": "", "institution": 1, "donorgroup": 5, "donation_type": "e", "amount_exact": "500.00", "amount_range_low": "0.00", "amount_range_high": "0.00", "amount_other": "0", "donation_date_start": "2010-07-01", "donation_date_end": null, "collection_date": "2017-01-21", "date_entered": "2017-04-19T04:46:10.360Z", "data_source_name": "", "data_source_url": "https://santacruzmah.org/wp-content/uploads/2011/07/MAHannual-report_11.pdf"}}, {"model": "catalog.donation", "pk": "76266f82-9b0d-401a-94d2-189361888f9a", "fields": {"person": 3, "donation_full_name": "", "donation_class": null, "event_name": "", "institution": 1, "donorgroup": 1, "donation_type": "e", "amount_exact": "10000.00", "amount_range_low": "0.00", "amount_range_high": "0.00", "amount_other": "0", "donation_date_start": "2010-07-01", "donation_date_end": null, "collection_date": "2017-01-21", "date_entered": "2017-04-19T04:46:10.360Z", "data_source_name": "", "data_source_url": "https://santacruzmah.org/wp-content/uploads/2011/07/MAHannual-report_11.pdf"}}, {"model": "catalog.donation", "pk": "768ac2d8-3c47-4e42-bdbd-d3b62ecfa640", "fields": {"person": 93, "donation_full_name": "", "donation_class": null, "event_name": "", "institution": 1, "donorgroup": 7, "donation_type": "e", "amount_exact": "250.00", "amount_range_low": "0.00", "amount_range_high": "0.00", "amount_other": "0", "donation_date_start": "2011-07-01", "donation_date_end": null, "collection_date": "2017-01-21", "date_entered": "2017-04-19T04:46:10.360Z", "data_source_name": "", "data_source_url": "https://santacruzmah.org/wp-content/uploads/2011/07/Annual-Report_Final_web.pdf"}}, {"model": "catalog.donation", "pk": "77f9e68b-2cfa-42a8-8f59-1daa4d9ed17e", "fields": {"person": 22, "donation_full_name": "", "donation_class": null, "event_name": "", "institution": 1, "donorgroup": 4, "donation_type": "e", "amount_exact": "1000.00", "amount_range_low": "0.00", "amount_range_high": "0.00", "amount_other": "0", "donation_date_start": "2010-07-01", "donation_date_end": null, "collection_date": "2017-01-21", "date_entered": "2017-04-19T04:46:10.360Z", "data_source_name": "", "data_source_url": "https://santacruzmah.org/wp-content/uploads/2011/07/MAHannual-report_11.pdf"}}, {"model": "catalog.donation", "pk": "795838c3-8465-4682-b29d-0dc77da66aac", "fields": {"person": 29, "donation_full_name": "", "donation_class": null, "event_name": "", "institution": 1, "donorgroup": 4, "donation_type": "e", "amount_exact": "1000.00", "amount_range_low": "0.00", "amount_range_high": "0.00", "amount_other": "0", "donation_date_start": "2010-07-01", "donation_date_end": null, "collection_date": "2017-01-21", "date_entered": "2017-04-19T04:46:10.360Z", "data_source_name": "", "data_source_url": "https://santacruzmah.org/wp-content/uploads/2011/07/MAHannual-report_11.pdf"}}, {"model": "catalog.donation", "pk": "79d751cc-6e5a-4bbc-aa06-3160d9d05015", "fields": {"person": 28, "donation_full_name": "", "donation_class": null, "event_name": "", "institution": 1, "donorgroup": 6, "donation_type": "p", "amount_exact": "0.00", "amount_range_low": "1000.00", "amount_range_high": "0.00", "amount_other": "0", "donation_date_start": "2011-07-01", "donation_date_end": null, "collection_date": "2017-01-21", "date_entered": "2017-04-19T04:46:10.360Z", "data_source_name": "", "data_source_url": "https://santacruzmah.org/wp-content/uploads/2011/07/Annual-Report_Final_web.pdf"}}, {"model": "catalog.donation", "pk": "7e11c3a3-4e0c-4108-abcf-6a26317af28e", "fields": {"person": 57, "donation_full_name": "", "donation_class": null, "event_name": "", "institution": 1, "donorgroup": 5, "donation_type": "e", "amount_exact": "500.00", "amount_range_low": "0.00", "amount_range_high": "0.00", "amount_other": "0", "donation_date_start": "2011-07-01", "donation_date_end": null, "collection_date": "2017-01-21", "date_entered": "2017-04-19T04:46:10.360Z", "data_source_name": "", "data_source_url": "https://santacruzmah.org/wp-content/uploads/2011/07/Annual-Report_Final_web.pdf"}}, {"model": "catalog.donation", "pk": "81073c8d-a8fa-484d-8a99-4bed906919b2", "fields": {"person": 103, "donation_full_name": "", "donation_class": null, "event_name": "", "institution": 1, "donorgroup": 7, "donation_type": "e", "amount_exact": "250.00", "amount_range_low": "0.00", "amount_range_high": "0.00", "amount_other": "0", "donation_date_start": "2011-07-01", "donation_date_end": null, "collection_date": "2017-01-21", "date_entered": "2017-04-19T04:46:10.360Z", "data_source_name": "", "data_source_url": "https://santacruzmah.org/wp-content/uploads/2011/07/Annual-Report_Final_web.pdf"}}, {"model": "catalog.donation", "pk": "81368c3b-a320-4b16-ad23-0f16be378cd0", "fields": {"person": 77, "donation_full_name": "", "donation_class": null, "event_name": "", "institution": 1, "donorgroup": 6, "donation_type": "p", "amount_exact": "0.00", "amount_range_low": "1000.00", "amount_range_high": "0.00", "amount_other": "0", "donation_date_start": "2011-07-01", "donation_date_end": null, "collection_date": "2017-01-21", "date_entered": "2017-04-19T04:46:10.360Z", "data_source_name": "", "data_source_url": "https://santacruzmah.org/wp-content/uploads/2011/07/Annual-Report_Final_web.pdf"}}, {"model": "catalog.donation", "pk": "81734c03-bbab-40d3-b40b-05466d104b32", "fields": {"person": 70, "donation_full_name": "", "donation_class": "", "event_name": "", "institution": 1, "donorgroup": 5, "donation_type": "e", "amount_exact": "500.00", "amount_range_low": "0.00", "amount_range_high": "0.00", "amount_other": "0", "donation_date_start": "2010-07-01", "donation_date_end": null, "collection_date": "2017-01-21", "date_entered": "2017-04-19T04:46:10.360Z", "data_source_name": "", "data_source_url": "https://santacruzmah.org/wp-content/uploads/2011/07/MAHannual-report_11.pdf"}}, {"model": "catalog.donation", "pk": "83bf10b5-93ca-422b-bc81-ec6c329dce65", "fields": {"person": 125, "donation_full_name": "", "donation_class": null, "event_name": "", "institution": 1, "donorgroup": 7, "donation_type": "e", "amount_exact": "250.00", "amount_range_low": "0.00", "amount_range_high": "0.00", "amount_other": "0", "donation_date_start": "2011-07-01", "donation_date_end": null, "collection_date": "2017-01-21", "date_entered": "2017-04-19T04:46:10.360Z", "data_source_name": "", "data_source_url": "https://santacruzmah.org/wp-content/uploads/2011/07/Annual-Report_Final_web.pdf"}}, {"model": "catalog.donation", "pk": "84161007-7b52-413a-937f-0eecebe87a7c", "fields": {"person": 71, "donation_full_name": "", "donation_class": null, "event_name": "", "institution": 1, "donorgroup": 7, "donation_type": "e", "amount_exact": "250.00", "amount_range_low": "0.00", "amount_range_high": "0.00", "amount_other": "0", "donation_date_start": "2011-07-01", "donation_date_end": null, "collection_date": "2017-01-21", "date_entered": "2017-04-19T04:46:10.360Z", "data_source_name": "", "data_source_url": "https://santacruzmah.org/wp-content/uploads/2011/07/Annual-Report_Final_web.pdf"}}, {"model": "catalog.donation", "pk": "85904ade-7f92-4cd3-8624-398068e953e9", "fields": {"person": 124, "donation_full_name": "", "donation_class": null, "event_name": "", "institution": 1, "donorgroup": 7, "donation_type": "e", "amount_exact": "250.00", "amount_range_low": "0.00", "amount_range_high": "0.00", "amount_other": "0", "donation_date_start": "2011-07-01", "donation_date_end": null, "collection_date": "2017-01-21", "date_entered": "2017-04-19T04:46:10.360Z", "data_source_name": "", "data_source_url": "https://santacruzmah.org/wp-content/uploads/2011/07/Annual-Report_Final_web.pdf"}}, {"model": "catalog.donation", "pk": "87909ad3-ac36-40c6-b6e3-cab51d0cacc0", "fields": {"person": 50, "donation_full_name": "", "donation_class": null, "event_name": "", "institution": 1, "donorgroup": 5, "donation_type": "e", "amount_exact": "500.00", "amount_range_low": "0.00", "amount_range_high": "0.00", "amount_other": "0", "donation_date_start": "2010-07-01", "donation_date_end": null, "collection_date": "2017-01-21", "date_entered": "2017-04-19T04:46:10.360Z", "data_source_name": "", "data_source_url": "https://santacruzmah.org/wp-content/uploads/2011/07/MAHannual-report_11.pdf"}}, {"model": "catalog.donation", "pk": "88b743ea-551d-487f-a3cf-a709900040fe", "fields": {"person": 67, "donation_full_name": "", "donation_class": null, "event_name": "", "institution": 1, "donorgroup": 5, "donation_type": "e", "amount_exact": "500.00", "amount_range_low": "0.00", "amount_range_high": "0.00", "amount_other": "0", "donation_date_start": "2010-07-01", "donation_date_end": null, "collection_date": "2017-01-21", "date_entered": "2017-04-19T04:46:10.360Z", "data_source_name": "", "data_source_url": "https://santacruzmah.org/wp-content/uploads/2011/07/MAHannual-report_11.pdf"}}, {"model": "catalog.donation", "pk": "8be863d3-1038-43c1-ae64-4ab55a61e608", "fields": {"person": 95, "donation_full_name": "", "donation_class": null, "event_name": "", "institution": 1, "donorgroup": 7, "donation_type": "e", "amount_exact": "250.00", "amount_range_low": "0.00", "amount_range_high": "0.00", "amount_other": "0", "donation_date_start": "2011-07-01", "donation_date_end": null, "collection_date": "2017-01-21", "date_entered": "2017-04-19T04:46:10.360Z", "data_source_name": "", "data_source_url": "https://santacruzmah.org/wp-content/uploads/2011/07/Annual-Report_Final_web.pdf"}}, {"model": "catalog.donation", "pk": "8bfa622e-64c6-4e2d-b958-c6aa3a747ea8", "fields": {"person": 51, "donation_full_name": "", "donation_class": null, "event_name": "", "institution": 1, "donorgroup": 5, "donation_type": "e", "amount_exact": "500.00", "amount_range_low": "0.00", "amount_range_high": "0.00", "amount_other": "0", "donation_date_start": "2011-07-01", "donation_date_end": null, "collection_date": "2017-01-21", "date_entered": "2017-04-19T04:46:10.360Z", "data_source_name": "", "data_source_url": "https://santacruzmah.org/wp-content/uploads/2011/07/Annual-Report_Final_web.pdf"}}, {"model": "catalog.donation", "pk": "8c8e0283-8b6f-4131-a411-bc2436c5a81f", "fields": {"person": 56, "donation_full_name": "", "donation_class": null, "event_name": "", "institution": 1, "donorgroup": 6, "donation_type": "p", "amount_exact": "0.00", "amount_range_low": "1000.00", "amount_range_high": "0.00", "amount_other": "0", "donation_date_start": "2011-07-01", "donation_date_end": null, "collection_date": "2017-01-21", "date_entered": "2017-04-19T04:46:10.360Z", "data_source_name": "", "data_source_url": "https://santacruzmah.org/wp-content/uploads/2011/07/Annual-Report_Final_web.pdf"}}, {"model": "catalog.donation", "pk": "90083e9d-1c26-4a24-8953-6df5d11e6fdc", "fields": {"person": 92, "donation_full_name": "", "donation_class": null, "event_name": "", "institution": 1, "donorgroup": 5, "donation_type": "e", "amount_exact": "500.00", "amount_range_low": "0.00", "amount_range_high": "0.00", "amount_other": "0", "donation_date_start": "2011-07-01", "donation_date_end": null, "collection_date": "2017-01-21", "date_entered": "2017-04-19T04:46:10.360Z", "data_source_name": "", "data_source_url": "https://santacruzmah.org/wp-content/uploads/2011/07/Annual-Report_Final_web.pdf"}}, {"model": "catalog.donation", "pk": "90a57732-49f4-4348-bb81-890b67e69aac", "fields": {"person": 97, "donation_full_name": "", "donation_class": null, "event_name": "", "institution": 1, "donorgroup": 7, "donation_type": "e", "amount_exact": "250.00", "amount_range_low": "0.00", "amount_range_high": "0.00", "amount_other": "0", "donation_date_start": "2011-07-01", "donation_date_end": null, "collection_date": "2017-01-21", "date_entered": "2017-04-19T04:46:10.360Z", "data_source_name": "", "data_source_url": "https://santacruzmah.org/wp-content/uploads/2011/07/Annual-Report_Final_web.pdf"}}, {"model": "catalog.donation", "pk": "93735cb4-e97c-4abb-96d9-5c2da04ebf0a", "fields": {"person": 43, "donation_full_name": "", "donation_class": null, "event_name": "", "institution": 1, "donorgroup": 4, "donation_type": "e", "amount_exact": "1000.00", "amount_range_low": "0.00", "amount_range_high": "0.00", "amount_other": "0", "donation_date_start": "2010-07-01", "donation_date_end": null, "collection_date": "2017-01-21", "date_entered": "2017-04-19T04:46:10.360Z", "data_source_name": "", "data_source_url": "https://santacruzmah.org/wp-content/uploads/2011/07/MAHannual-report_11.pdf"}}, {"model": "catalog.donation", "pk": "940be920-8cfd-4264-8ba9-63c809c5c2de", "fields": {"person": 2, "donation_full_name": "", "donation_class": null, "event_name": "", "institution": 1, "donorgroup": 1, "donation_type": "e", "amount_exact": "10000.00", "amount_range_low": "0.00", "amount_range_high": "0.00", "amount_other": "0", "donation_date_start": "2010-07-01", "donation_date_end": null, "collection_date": "2017-01-21", "date_entered": "2017-04-19T04:46:10.360Z", "data_source_name": "", "data_source_url": "https://santacruzmah.org/wp-content/uploads/2011/07/MAHannual-report_11.pdf"}}, {"model": "catalog.donation", "pk": "940e7244-a020-4577-883b-7af5a2b67798", "fields": {"person": 75, "donation_full_name": "", "donation_class": null, "event_name": "", "institution": 1, "donorgroup": 5, "donation_type": "e", "amount_exact": "500.00", "amount_range_low": "0.00", "amount_range_high": "0.00", "amount_other": "0", "donation_date_start": "2010-07-01", "donation_date_end": null, "collection_date": "2017-01-21", "date_entered": "2017-04-19T04:46:10.360Z", "data_source_name": "", "data_source_url": "https://santacruzmah.org/wp-content/uploads/2011/07/MAHannual-report_11.pdf"}}, {"model": "catalog.donation", "pk": "947dc395-be9e-437a-92af-768f8542a9a4", "fields": {"person": 96, "donation_full_name": "", "donation_class": null, "event_name": "", "institution": 1, "donorgroup": 7, "donation_type": "e", "amount_exact": "250.00", "amount_range_low": "0.00", "amount_range_high": "0.00", "amount_other": "0", "donation_date_start": "2011-07-01", "donation_date_end": null, "collection_date": "2017-01-21", "date_entered": "2017-04-19T04:46:10.360Z", "data_source_name": "", "data_source_url": "https://santacruzmah.org/wp-content/uploads/2011/07/Annual-Report_Final_web.pdf"}}, {"model": "catalog.donation", "pk": "94ba7d27-7e30-46ec-9053-d6a85d53f635", "fields": {"person": 68, "donation_full_name": "", "donation_class": null, "event_name": "", "institution": 1, "donorgroup": 5, "donation_type": "e", "amount_exact": "500.00", "amount_range_low": "0.00", "amount_range_high": "0.00", "amount_other": "0", "donation_date_start": "2011-07-01", "donation_date_end": null, "collection_date": "2017-01-21", "date_entered": "2017-04-19T04:46:10.360Z", "data_source_name": "", "data_source_url": "https://santacruzmah.org/wp-content/uploads/2011/07/Annual-Report_Final_web.pdf"}}, {"model": "catalog.donation", "pk": "95fcfaab-7aa9-4466-89eb-39f19bc79b79", "fields": {"person": 58, "donation_full_name": "", "donation_class": null, "event_name": "", "institution": 1, "donorgroup": 5, "donation_type": "e", "amount_exact": "500.00", "amount_range_low": "0.00", "amount_range_high": "0.00", "amount_other": "0", "donation_date_start": "2010-07-01", "donation_date_end": null, "collection_date": "2017-01-21", "date_entered": "2017-04-19T04:46:10.360Z", "data_source_name": "", "data_source_url": "https://santacruzmah.org/wp-content/uploads/2011/07/MAHannual-report_11.pdf"}}, {"model": "catalog.donation", "pk": "967ca57d-77d9-4218-8bfb-40fb8d3f7b7f", "fields": {"person": 72, "donation_full_name": "", "donation_class": null, "event_name": "", "institution": 1, "donorgroup": 5, "donation_type": "e", "amount_exact": "500.00", "amount_range_low": "0.00", "amount_range_high": "0.00", "amount_other": "0", "donation_date_start": "2010-07-01", "donation_date_end": null, "collection_date": "2017-01-21", "date_entered": "2017-04-19T04:46:10.360Z", "data_source_name": "", "data_source_url": "https://santacruzmah.org/wp-content/uploads/2011/07/MAHannual-report_11.pdf"}}, {"model": "catalog.donation", "pk": "97f3dff6-c2ae-467c-bf5a-9dc2d5cd0426", "fields": {"person": 56, "donation_full_name": "", "donation_class": null, "event_name": "", "institution": 1, "donorgroup": 5, "donation_type": "e", "amount_exact": "500.00", "amount_range_low": "0.00", "amount_range_high": "0.00", "amount_other": "0", "donation_date_start": "2010-07-01", "donation_date_end": null, "collection_date": "2017-01-21", "date_entered": "2017-04-19T04:46:10.360Z", "data_source_name": "", "data_source_url": "https://santacruzmah.org/wp-content/uploads/2011/07/MAHannual-report_11.pdf"}}, {"model": "catalog.donation", "pk": "98916ea4-d8a1-4ef4-b904-3b8c62bfd61d", "fields": {"person": 40, "donation_full_name": "", "donation_class": null, "event_name": "", "institution": 1, "donorgroup": 6, "donation_type": "p", "amount_exact": "0.00", "amount_range_low": "1000.00", "amount_range_high": "0.00", "amount_other": "0", "donation_date_start": "2011-07-01", "donation_date_end": null, "collection_date": "2017-01-21", "date_entered": "2017-04-19T04:46:10.360Z", "data_source_name": "", "data_source_url": "https://santacruzmah.org/wp-content/uploads/2011/07/Annual-Report_Final_web.pdf"}}, {"model": "catalog.donation", "pk": "98a85509-6500-4b46-be3d-2d575f798585", "fields": {"person": 81, "donation_full_name": "", "donation_class": null, "event_name": "", "institution": 1, "donorgroup": 6, "donation_type": "p", "amount_exact": "0.00", "amount_range_low": "1000.00", "amount_range_high": "0.00", "amount_other": "0", "donation_date_start": "2011-07-01", "donation_date_end": null, "collection_date": "2017-01-21", "date_entered": "2017-04-19T04:46:10.360Z", "data_source_name": "", "data_source_url": "https://santacruzmah.org/wp-content/uploads/2011/07/Annual-Report_Final_web.pdf"}}, {"model": "catalog.donation", "pk": "99a48cf8-71f0-4bd8-97d3-c15d21ec9f6b", "fields": {"person": 69, "donation_full_name": "", "donation_class": null, "event_name": "", "institution": 1, "donorgroup": 5, "donation_type": "e", "amount_exact": "500.00", "amount_range_low": "0.00", "amount_range_high": "0.00", "amount_other": "0", "donation_date_start": "2011-07-01", "donation_date_end": null, "collection_date": "2017-01-21", "date_entered": "2017-04-19T04:46:10.360Z", "data_source_name": "", "data_source_url": "https://santacruzmah.org/wp-content/uploads/2011/07/Annual-Report_Final_web.pdf"}}, {"model": "catalog.donation", "pk": "9ae5f9fd-8fb1-4149-a69c-62d99b5199e4", "fields": {"person": 45, "donation_full_name": "", "donation_class": null, "event_name": "", "institution": 1, "donorgroup": 5, "donation_type": "e", "amount_exact": "500.00", "amount_range_low": "0.00", "amount_range_high": "0.00", "amount_other": "0", "donation_date_start": "2010-07-01", "donation_date_end": null, "collection_date": "2017-01-21", "date_entered": "2017-04-19T04:46:10.360Z", "data_source_name": "", "data_source_url": "https://santacruzmah.org/wp-content/uploads/2011/07/MAHannual-report_11.pdf"}}, {"model": "catalog.donation", "pk": "9f1825eb-fe98-47ad-8b5c-7d795c1720d9", "fields": {"person": 32, "donation_full_name": "", "donation_class": null, "event_name": "", "institution": 1, "donorgroup": 6, "donation_type": "p", "amount_exact": "0.00", "amount_range_low": "1000.00", "amount_range_high": "0.00", "amount_other": "0", "donation_date_start": "2011-07-01", "donation_date_end": null, "collection_date": "2017-01-21", "date_entered": "2017-04-19T04:46:10.360Z", "data_source_name": "", "data_source_url": "https://santacruzmah.org/wp-content/uploads/2011/07/Annual-Report_Final_web.pdf"}}, {"model": "catalog.donation", "pk": "a26b65e1-d3dc-4fdb-9753-9e301d773523", "fields": {"person": 117, "donation_full_name": "", "donation_class": null, "event_name": "", "institution": 1, "donorgroup": 7, "donation_type": "e", "amount_exact": "250.00", "amount_range_low": "0.00", "amount_range_high": "0.00", "amount_other": "0", "donation_date_start": "2011-07-01", "donation_date_end": null, "collection_date": "2017-01-21", "date_entered": "2017-04-19T04:46:10.360Z", "data_source_name": "", "data_source_url": "https://santacruzmah.org/wp-content/uploads/2011/07/Annual-Report_Final_web.pdf"}}, {"model": "catalog.donation", "pk": "a3a3ff23-a0af-4242-b492-068c4c3ed383", "fields": {"person": 129, "donation_full_name": null, "donation_class": null, "event_name": null, "institution": 3, "donorgroup": 7, "donation_type": "e", "amount_exact": "9.00", "amount_range_low": "0.00", "amount_range_high": "0.00", "amount_other": null, "donation_date_start": "2011-04-19", "donation_date_end": "2012-04-19", "collection_date": "2017-04-19", "date_entered": "2017-04-19T04:46:10.360Z", "data_source_name": null, "data_source_url": null}}, {"model": "catalog.donation", "pk": "a64559aa-f47e-4892-8767-d5d465038e05", "fields": {"person": 116, "donation_full_name": "", "donation_class": null, "event_name": "", "institution": 1, "donorgroup": 7, "donation_type": "e", "amount_exact": "250.00", "amount_range_low": "0.00", "amount_range_high": "0.00", "amount_other": "0", "donation_date_start": "2011-07-01", "donation_date_end": null, "collection_date": "2017-01-21", "date_entered": "2017-04-19T04:46:10.360Z", "data_source_name": "", "data_source_url": "https://santacruzmah.org/wp-content/uploads/2011/07/Annual-Report_Final_web.pdf"}}, {"model": "catalog.donation", "pk": "a7edccb8-3a51-4ad7-bbd2-6b38e349a6a5", "fields": {"person": 15, "donation_full_name": "", "donation_class": null, "event_name": "", "institution": 1, "donorgroup": 6, "donation_type": "p", "amount_exact": "0.00", "amount_range_low": "1000.00", "amount_range_high": "0.00", "amount_other": "0", "donation_date_start": "2011-07-01", "donation_date_end": null, "collection_date": "2017-01-21", "date_entered": "2017-04-19T04:46:10.360Z", "data_source_name": "", "data_source_url": "https://santacruzmah.org/wp-content/uploads/2011/07/Annual-Report_Final_web.pdf"}}, {"model": "catalog.donation", "pk": "a8829478-b362-48de-9cbc-10f516cb55a8", "fields": {"person": 60, "donation_full_name": "", "donation_class": null, "event_name": "", "institution": 1, "donorgroup": 5, "donation_type": "e", "amount_exact": "500.00", "amount_range_low": "0.00", "amount_range_high": "0.00", "amount_other": "0", "donation_date_start": "2010-07-01", "donation_date_end": null, "collection_date": "2017-01-21", "date_entered": "2017-04-19T04:46:10.360Z", "data_source_name": "", "data_source_url": "https://santacruzmah.org/wp-content/uploads/2011/07/MAHannual-report_11.pdf"}}, {"model": "catalog.donation", "pk": "a9b2d044-b840-482f-b758-2fa7a8c9620d", "fields": {"person": 37, "donation_full_name": "", "donation_class": null, "event_name": "", "institution": 1, "donorgroup": 4, "donation_type": "e", "amount_exact": "1000.00", "amount_range_low": "0.00", "amount_range_high": "0.00", "amount_other": "0", "donation_date_start": "2010-07-01", "donation_date_end": null, "collection_date": "2017-01-21", "date_entered": "2017-04-19T04:46:10.360Z", "data_source_name": "", "data_source_url": "https://santacruzmah.org/wp-content/uploads/2011/07/MAHannual-report_11.pdf"}}, {"model": "catalog.donation", "pk": "a9f6a844-7738-4e5b-a37c-60052a8268a6", "fields": {"person": 63, "donation_full_name": "", "donation_class": null, "event_name": "", "institution": 1, "donorgroup": 5, "donation_type": "e", "amount_exact": "500.00", "amount_range_low": "0.00", "amount_range_high": "0.00", "amount_other": "0", "donation_date_start": "2011-07-01", "donation_date_end": null, "collection_date": "2017-01-21", "date_entered": "2017-04-19T04:46:10.360Z", "data_source_name": "", "data_source_url": "https://santacruzmah.org/wp-content/uploads/2011/07/Annual-Report_Final_web.pdf"}}, {"model": "catalog.donation", "pk": "aab9af01-0c83-4cea-89f6-4c7b6c0f686d", "fields": {"person": 2, "donation_full_name": "", "donation_class": null, "event_name": "", "institution": 1, "donorgroup": 6, "donation_type": "p", "amount_exact": "0.00", "amount_range_low": "1000.00", "amount_range_high": "0.00", "amount_other": "0", "donation_date_start": "2011-07-01", "donation_date_end": null, "collection_date": "2017-01-21", "date_entered": "2017-04-19T04:46:10.360Z", "data_source_name": "", "data_source_url": "https://santacruzmah.org/wp-content/uploads/2011/07/Annual-Report_Final_web.pdf"}}, {"model": "catalog.donation", "pk": "ab379dbc-aff8-4574-9c53-3884eac999bc", "fields": {"person": 14, "donation_full_name": "", "donation_class": null, "event_name": "", "institution": 1, "donorgroup": 3, "donation_type": "e", "amount_exact": "2500.00", "amount_range_low": "0.00", "amount_range_high": "0.00", "amount_other": "0", "donation_date_start": "2010-07-01", "donation_date_end": null, "collection_date": "2017-01-21", "date_entered": "2017-04-19T04:46:10.360Z", "data_source_name": "", "data_source_url": "https://santacruzmah.org/wp-content/uploads/2011/07/MAHannual-report_11.pdf"}}, {"model": "catalog.donation", "pk": "ab3b309f-712c-488f-8bbe-a0efee6fa550", "fields": {"person": 33, "donation_full_name": "", "donation_class": null, "event_name": "", "institution": 1, "donorgroup": 4, "donation_type": "e", "amount_exact": "1000.00", "amount_range_low": "0.00", "amount_range_high": "0.00", "amount_other": "0", "donation_date_start": "2010-07-01", "donation_date_end": null, "collection_date": "2017-01-21", "date_entered": "2017-04-19T04:46:10.360Z", "data_source_name": "", "data_source_url": "https://santacruzmah.org/wp-content/uploads/2011/07/MAHannual-report_11.pdf"}}, {"model": "catalog.donation", "pk": "aea1f552-3a4d-4aff-9f4e-065317b56235", "fields": {"person": 36, "donation_full_name": "", "donation_class": null, "event_name": "", "institution": 1, "donorgroup": 6, "donation_type": "p", "amount_exact": "0.00", "amount_range_low": "1000.00", "amount_range_high": "0.00", "amount_other": "0", "donation_date_start": "2011-07-01", "donation_date_end": null, "collection_date": "2017-01-21", "date_entered": "2017-04-19T04:46:10.360Z", "data_source_name": "", "data_source_url": "https://santacruzmah.org/wp-content/uploads/2011/07/Annual-Report_Final_web.pdf"}}, {"model": "catalog.donation", "pk": "b0797d4b-46c6-4e21-9165-b6163846cee0", "fields": {"person": 20, "donation_full_name": "", "donation_class": null, "event_name": "", "institution": 1, "donorgroup": 4, "donation_type": "e", "amount_exact": "1000.00", "amount_range_low": "0.00", "amount_range_high": "0.00", "amount_other": "0", "donation_date_start": "2010-07-01", "donation_date_end": null, "collection_date": "2017-01-21", "date_entered": "2017-04-19T04:46:10.360Z", "data_source_name": "", "data_source_url": "https://santacruzmah.org/wp-content/uploads/2011/07/MAHannual-report_11.pdf"}}, {"model": "catalog.donation", "pk": "b0880bff-d49f-44a2-91ae-965c95ed07a9", "fields": {"person": 73, "donation_full_name": "", "donation_class": null, "event_name": "", "institution": 1, "donorgroup": 5, "donation_type": "e", "amount_exact": "500.00", "amount_range_low": "0.00", "amount_range_high": "0.00", "amount_other": "0", "donation_date_start": "2010-07-01", "donation_date_end": null, "collection_date": "2017-01-21", "date_entered": "2017-04-19T04:46:10.360Z", "data_source_name": "", "data_source_url": "https://santacruzmah.org/wp-content/uploads/2011/07/MAHannual-report_11.pdf"}}, {"model": "catalog.donation", "pk": "b1e7f167-99c3-4c20-b167-0c8025ebb918", "fields": {"person": 109, "donation_full_name": "", "donation_class": null, "event_name": "", "institution": 1, "donorgroup": 7, "donation_type": "e", "amount_exact": "250.00", "amount_range_low": "0.00", "amount_range_high": "0.00", "amount_other": "0", "donation_date_start": "2011-07-01", "donation_date_end": null, "collection_date": "2017-01-21", "date_entered": "2017-04-19T04:46:10.360Z", "data_source_name": "", "data_source_url": "https://santacruzmah.org/wp-content/uploads/2011/07/Annual-Report_Final_web.pdf"}}, {"model": "catalog.donation", "pk": "b4b2b38b-61e3-4c94-a802-0c15308d99a4", "fields": {"person": 15, "donation_full_name": "", "donation_class": null, "event_name": "", "institution": 1, "donorgroup": 3, "donation_type": "e", "amount_exact": "2500.00", "amount_range_low": "0.00", "amount_range_high": "0.00", "amount_other": "0", "donation_date_start": "2010-07-01", "donation_date_end": null, "collection_date": "2017-01-21", "date_entered": "2017-04-19T04:46:10.360Z", "data_source_name": "", "data_source_url": "https://santacruzmah.org/wp-content/uploads/2011/07/MAHannual-report_11.pdf"}}, {"model": "catalog.donation", "pk": "b4ea3def-d6d1-4911-8263-c3a0bcb1a56a", "fields": {"person": 101, "donation_full_name": "", "donation_class": null, "event_name": "", "institution": 1, "donorgroup": 7, "donation_type": "e", "amount_exact": "250.00", "amount_range_low": "0.00", "amount_range_high": "0.00", "amount_other": "0", "donation_date_start": "2011-07-01", "donation_date_end": null, "collection_date": "2017-01-21", "date_entered": "2017-04-19T04:46:10.360Z", "data_source_name": "", "data_source_url": "https://santacruzmah.org/wp-content/uploads/2011/07/Annual-Report_Final_web.pdf"}}, {"model": "catalog.donation", "pk": "b9a515ab-4f56-4344-981e-f44dd51690d0", "fields": {"person": 34, "donation_full_name": "", "donation_class": null, "event_name": "", "institution": 1, "donorgroup": 4, "donation_type": "e", "amount_exact": "1000.00", "amount_range_low": "0.00", "amount_range_high": "0.00", "amount_other": "0", "donation_date_start": "2010-07-01", "donation_date_end": null, "collection_date": "2017-01-21", "date_entered": "2017-04-19T04:46:10.360Z", "data_source_name": "", "data_source_url": "https://santacruzmah.org/wp-content/uploads/2011/07/MAHannual-report_11.pdf"}}, {"model": "catalog.donation", "pk": "ba8fa918-3d2b-4113-b982-c0cd0c5fbcd2", "fields": {"person": 82, "donation_full_name": "", "donation_class": null, "event_name": "", "institution": 1, "donorgroup": 6, "donation_type": "p", "amount_exact": "0.00", "amount_range_low": "1000.00", "amount_range_high": "0.00", "amount_other": "0", "donation_date_start": "2011-07-01", "donation_date_end": null, "collection_date": "2017-01-21", "date_entered": "2017-04-19T04:46:10.360Z", "data_source_name": "", "data_source_url": "https://santacruzmah.org/wp-content/uploads/2011/07/Annual-Report_Final_web.pdf"}}, {"model": "catalog.donation", "pk": "bc03748c-82b1-4562-88aa-522d5e149cd6", "fields": {"person": 49, "donation_full_name": "", "donation_class": null, "event_name": "", "institution": 1, "donorgroup": 5, "donation_type": "e", "amount_exact": "500.00", "amount_range_low": "0.00", "amount_range_high": "0.00", "amount_other": "0", "donation_date_start": "2010-07-01", "donation_date_end": null, "collection_date": "2017-01-21", "date_entered": "2017-04-19T04:46:10.360Z", "data_source_name": "", "data_source_url": "https://santacruzmah.org/wp-content/uploads/2011/07/MAHannual-report_11.pdf"}}, {"model": "catalog.donation", "pk": "bfcd0348-665a-4441-9755-df63727ece37", "fields": {"person": 3, "donation_full_name": "", "donation_class": null, "event_name": "", "institution": 1, "donorgroup": 6, "donation_type": "p", "amount_exact": "0.00", "amount_range_low": "1000.00", "amount_range_high": "0.00", "amount_other": "0", "donation_date_start": "2011-07-01", "donation_date_end": null, "collection_date": "2017-01-21", "date_entered": "2017-04-19T04:46:10.360Z", "data_source_name": "", "data_source_url": "https://santacruzmah.org/wp-content/uploads/2011/07/Annual-Report_Final_web.pdf"}}, {"model": "catalog.donation", "pk": "c322bd35-0429-46f0-b27e-a437131b173b", "fields": {"person": 79, "donation_full_name": "", "donation_class": null, "event_name": "", "institution": 1, "donorgroup": 5, "donation_type": "e", "amount_exact": "500.00", "amount_range_low": "0.00", "amount_range_high": "0.00", "amount_other": "0", "donation_date_start": "2010-07-01", "donation_date_end": null, "collection_date": "2017-01-21", "date_entered": "2017-04-19T04:46:10.360Z", "data_source_name": "", "data_source_url": "https://santacruzmah.org/wp-content/uploads/2011/07/MAHannual-report_11.pdf"}}, {"model": "catalog.donation", "pk": "c3c490ef-a46b-4792-a745-bb0dac2bc07e", "fields": {"person": 31, "donation_full_name": "", "donation_class": null, "event_name": "", "institution": 1, "donorgroup": 4, "donation_type": "e", "amount_exact": "1000.00", "amount_range_low": "0.00", "amount_range_high": "0.00", "amount_other": "0", "donation_date_start": "2010-07-01", "donation_date_end": null, "collection_date": "2017-01-21", "date_entered": "2017-04-19T04:46:10.360Z", "data_source_name": "", "data_source_url": "https://santacruzmah.org/wp-content/uploads/2011/07/MAHannual-report_11.pdf"}}, {"model": "catalog.donation", "pk": "c3f2ca0d-0b12-4e79-9b93-2532f93b167e", "fields": {"person": 35, "donation_full_name": "", "donation_class": null, "event_name": "", "institution": 1, "donorgroup": 6, "donation_type": "p", "amount_exact": "0.00", "amount_range_low": "1000.00", "amount_range_high": "0.00", "amount_other": "0", "donation_date_start": "2011-07-01", "donation_date_end": null, "collection_date": "2017-01-21", "date_entered": "2017-04-19T04:46:10.360Z", "data_source_name": "", "data_source_url": "https://santacruzmah.org/wp-content/uploads/2011/07/Annual-Report_Final_web.pdf"}}, {"model": "catalog.donation", "pk": "c7591985-c093-47cc-8a37-6dc62a20e306", "fields": {"person": 121, "donation_full_name": "", "donation_class": null, "event_name": "", "institution": 1, "donorgroup": 7, "donation_type": "e", "amount_exact": "250.00", "amount_range_low": "0.00", "amount_range_high": "0.00", "amount_other": "0", "donation_date_start": "2011-07-01", "donation_date_end": null, "collection_date": "2017-01-21", "date_entered": "2017-04-19T04:46:10.360Z", "data_source_name": "", "data_source_url": "https://santacruzmah.org/wp-content/uploads/2011/07/Annual-Report_Final_web.pdf"}}, {"model": "catalog.donation", "pk": "ccd07d7e-a6c6-43d0-9411-2a1a393a3a86", "fields": {"person": 62, "donation_full_name": "", "donation_class": null, "event_name": "", "institution": 1, "donorgroup": 7, "donation_type": "e", "amount_exact": "250.00", "amount_range_low": "0.00", "amount_range_high": "0.00", "amount_other": "0", "donation_date_start": "2011-07-01", "donation_date_end": null, "collection_date": "2017-01-21", "date_entered": "2017-04-19T04:46:10.360Z", "data_source_name": "", "data_source_url": "https://santacruzmah.org/wp-content/uploads/2011/07/Annual-Report_Final_web.pdf"}}, {"model": "catalog.donation", "pk": "cd3522e3-d1aa-4b73-bd56-d173cbc2e438", "fields": {"person": 35, "donation_full_name": "", "donation_class": null, "event_name": "", "institution": 1, "donorgroup": 4, "donation_type": "e", "amount_exact": "1000.00", "amount_range_low": "0.00", "amount_range_high": "0.00", "amount_other": "0", "donation_date_start": "2010-07-01", "donation_date_end": null, "collection_date": "2017-01-21", "date_entered": "2017-04-19T04:46:10.360Z", "data_source_name": "", "data_source_url": "https://santacruzmah.org/wp-content/uploads/2011/07/MAHannual-report_11.pdf"}}, {"model": "catalog.donation", "pk": "ced97b14-f70a-4e2f-9bfe-14b83b2a1a6c", "fields": {"person": 70, "donation_full_name": "", "donation_class": null, "event_name": "", "institution": 1, "donorgroup": 5, "donation_type": "e", "amount_exact": "500.00", "amount_range_low": "0.00", "amount_range_high": "0.00", "amount_other": "0", "donation_date_start": "2011-07-01", "donation_date_end": null, "collection_date": "2017-01-21", "date_entered": "2017-04-19T04:46:10.360Z", "data_source_name": "", "data_source_url": "https://santacruzmah.org/wp-content/uploads/2011/07/Annual-Report_Final_web.pdf"}}, {"model": "catalog.donation", "pk": "d113f35b-a798-4002-91e3-9de6c153dd2c", "fields": {"person": 38, "donation_full_name": "", "donation_class": null, "event_name": "", "institution": 1, "donorgroup": 4, "donation_type": "e", "amount_exact": "1000.00", "amount_range_low": "0.00", "amount_range_high": "0.00", "amount_other": "0", "donation_date_start": "2010-07-01", "donation_date_end": null, "collection_date": "2017-01-21", "date_entered": "2017-04-19T04:46:10.360Z", "data_source_name": "", "data_source_url": "https://santacruzmah.org/wp-content/uploads/2011/07/MAHannual-report_11.pdf"}}, {"model": "catalog.donation", "pk": "d37f71de-05b1-47d6-9956-ee61224b6d34", "fields": {"person": 110, "donation_full_name": "", "donation_class": null, "event_name": "", "institution": 1, "donorgroup": 7, "donation_type": "e", "amount_exact": "250.00", "amount_range_low": "0.00", "amount_range_high": "0.00", "amount_other": "0", "donation_date_start": "2011-07-01", "donation_date_end": null, "collection_date": "2017-01-21", "date_entered": "2017-04-19T04:46:10.360Z", "data_source_name": "", "data_source_url": "https://santacruzmah.org/wp-content/uploads/2011/07/Annual-Report_Final_web.pdf"}}, {"model": "catalog.donation", "pk": "d5f93c6b-9de2-42a6-974c-1b9c32dfe8cc", "fields": {"person": 129, "donation_full_name": "Huge Donation", "donation_class": "Classy art fund", "event_name": "Cool Party", "institution": 2, "donorgroup": 8, "donation_type": "e", "amount_exact": "1337.00", "amount_range_low": "0.00", "amount_range_high": "0.00", "amount_other": null, "donation_date_start": "2011-03-18", "donation_date_end": null, "collection_date": "2017-01-18", "date_entered": "2017-04-19T04:46:10.360Z", "data_source_name": "Cool site", "data_source_url": "www.google.com"}}, {"model": "catalog.donation", "pk": "d67f4dea-0300-42b5-b632-fa5e32cb4134", "fields": {"person": 98, "donation_full_name": "", "donation_class": null, "event_name": "", "institution": 1, "donorgroup": 7, "donation_type": "e", "amount_exact": "250.00", "amount_range_low": "0.00", "amount_range_high": "0.00", "amount_other": "0", "donation_date_start": "2011-07-01", "donation_date_end": null, "collection_date": "2017-01-21", "date_entered": "2017-04-19T04:46:10.360Z", "data_source_name": "", "data_source_url": "https://santacruzmah.org/wp-content/uploads/2011/07/Annual-Report_Final_web.pdf"}}, {"model": "catalog.donation", "pk": "df2451ac-269d-41c1-994b-7c1c98f3569c", "fields": {"person": 68, "donation_full_name": "", "donation_class": null, "event_name": "", "institution": 1, "donorgroup": 5, "donation_type": "e", "amount_exact": "500.00", "amount_range_low": "0.00", "amount_range_high": "0.00", "amount_other": "0", "donation_date_start": "2010-07-01", "donation_date_end": null, "collection_date": "2017-01-21", "date_entered": "2017-04-19T04:46:10.360Z", "data_source_name": "", "data_source_url": "https://santacruzmah.org/wp-content/uploads/2011/07/MAHannual-report_11.pdf"}}, {"model": "catalog.donation", "pk": "df821d1f-298d-428d-9118-6a80998575ab", "fields": {"person": 99, "donation_full_name": "", "donation_class": null, "event_name": "", "institution": 1, "donorgroup": 7, "donation_type": "e", "amount_exact": "250.00", "amount_range_low": "0.00", "amount_range_high": "0.00", "amount_other": "0", "donation_date_start": "2011-07-01", "donation_date_end": null, "collection_date": "2017-01-21", "date_entered": "2017-04-19T04:46:10.360Z", "data_source_name": "", "data_source_url": "https://santacruzmah.org/wp-content/uploads/2011/07/Annual-Report_Final_web.pdf"}}, {"model": "catalog.donation", "pk": "e3699124-9437-41f3-b842-246a24d8271f", "fields": {"person": 41, "donation_full_name": "", "donation_class": null, "event_name": "", "institution": 1, "donorgroup": 4, "donation_type": "e", "amount_exact": "1000.00", "amount_range_low": "0.00", "amount_range_high": "0.00", "amount_other": "0", "donation_date_start": "2010-07-01", "donation_date_end": null, "collection_date": "2017-01-21", "date_entered": "2017-04-19T04:46:10.360Z", "data_source_name": "", "data_source_url": "https://santacruzmah.org/wp-content/uploads/2011/07/MAHannual-report_11.pdf"}}, {"model": "catalog.donation", "pk": "e529830e-1d9a-457c-ab00-5f7c08ba7b25", "fields": {"person": 129, "donation_full_name": null, "donation_class": null, "event_name": null, "institution": 3, "donorgroup": 8, "donation_type": "u", "amount_exact": null, "amount_range_low": null, "amount_range_high": null, "amount_other": null, "donation_date_start": "2017-04-19", "donation_date_end": null, "collection_date": null, "date_entered": "2017-04-19T04:47:56Z", "data_source_name": null, "data_source_url": null}}, {"model": "catalog.donation", "pk": "e63b9f3e-0985-4cc8-9ae0-a26504630a5e", "fields": {"person": 59, "donation_full_name": "", "donation_class": null, "event_name": "", "institution": 1, "donorgroup": 6, "donation_type": "p", "amount_exact": "0.00", "amount_range_low": "1000.00", "amount_range_high": "0.00", "amount_other": "0", "donation_date_start": "2011-07-01", "donation_date_end": null, "collection_date": "2017-01-21", "date_entered": "2017-04-19T04:46:10.360Z", "data_source_name": "", "data_source_url": "https://santacruzmah.org/wp-content/uploads/2011/07/Annual-Report_Final_web.pdf"}}, {"model": "catalog.donation", "pk": "e68a621c-afd9-443e-a71c-8c053e0f5915", "fields": {"person": 34, "donation_full_name": "", "donation_class": null, "event_name": "", "institution": 1, "donorgroup": 6, "donation_type": "p", "amount_exact": "0.00", "amount_range_low": "1000.00", "amount_range_high": "0.00", "amount_other": "0", "donation_date_start": "2011-07-01", "donation_date_end": null, "collection_date": "2017-01-21", "date_entered": "2017-04-19T04:46:10.360Z", "data_source_name": "", "data_source_url": "https://santacruzmah.org/wp-content/uploads/2011/07/Annual-Report_Final_web.pdf"}}, {"model": "catalog.donation", "pk": "e6ceb38b-835c-4799-b64a-c048c6a5b34b", "fields": {"person": 118, "donation_full_name": "", "donation_class": null, "event_name": "", "institution": 1, "donorgroup": 7, "donation_type": "e", "amount_exact": "250.00", "amount_range_low": "0.00", "amount_range_high": "0.00", "amount_other": "0", "donation_date_start": "2011-07-01", "donation_date_end": null, "collection_date": "2017-01-21", "date_entered": "2017-04-19T04:46:10.360Z", "data_source_name": "", "data_source_url": "https://santacruzmah.org/wp-content/uploads/2011/07/Annual-Report_Final_web.pdf"}}, {"model": "catalog.donation", "pk": "e8ab8713-b3f9-4dee-92b3-a86a1e2cb4c9", "fields": {"person": 119, "donation_full_name": "", "donation_class": null, "event_name": "", "institution": 1, "donorgroup": 7, "donation_type": "e", "amount_exact": "250.00", "amount_range_low": "0.00", "amount_range_high": "0.00", "amount_other": "0", "donation_date_start": "2011-07-01", "donation_date_end": null, "collection_date": "2017-01-21", "date_entered": "2017-04-19T04:46:10.360Z", "data_source_name": "", "data_source_url": "https://santacruzmah.org/wp-content/uploads/2011/07/Annual-Report_Final_web.pdf"}}, {"model": "catalog.donation", "pk": "ea036fda-93cb-4662-9f39-1f1d918a2b5e", "fields": {"person": 84, "donation_full_name": "", "donation_class": null, "event_name": "", "institution": 1, "donorgroup": 6, "donation_type": "p", "amount_exact": "0.00", "amount_range_low": "1000.00", "amount_range_high": "0.00", "amount_other": "0", "donation_date_start": "2011-07-01", "donation_date_end": null, "collection_date": "2017-01-21", "date_entered": "2017-04-19T04:46:10.360Z", "data_source_name": "", "data_source_url": "https://santacruzmah.org/wp-content/uploads/2011/07/Annual-Report_Final_web.pdf"}}, {"model": "catalog.donation", "pk": "ea7dd63c-54bf-4945-bf5a-c6072bdb06d8", "fields": {"person": 85, "donation_full_name": "", "donation_class": null, "event_name": "", "institution": 1, "donorgroup": 6, "donation_type": "p", "amount_exact": "0.00", "amount_range_low": "1000.00", "amount_range_high": "0.00", "amount_other": "0", "donation_date_start": "2011-07-01", "donation_date_end": null, "collection_date": "2017-01-21", "date_entered": "2017-04-19T04:46:10.360Z", "data_source_name": "", "data_source_url": "https://santacruzmah.org/wp-content/uploads/2011/07/Annual-Report_Final_web.pdf"}}, {"model": "catalog.donation", "pk": "ebcb3df4-6776-4640-9446-4f917b98dbbb", "fields": {"person": 47, "donation_full_name": "", "donation_class": null, "event_name": "", "institution": 1, "donorgroup": 5, "donation_type": "e", "amount_exact": "500.00", "amount_range_low": "0.00", "amount_range_high": "0.00", "amount_other": "0", "donation_date_start": "2010-07-01", "donation_date_end": null, "collection_date": "2017-01-21", "date_entered": "2017-04-19T04:46:10.360Z", "data_source_name": "", "data_source_url": "https://santacruzmah.org/wp-content/uploads/2011/07/MAHannual-report_11.pdf"}}, {"model": "catalog.donation", "pk": "edde4a0b-34ab-4dfa-bede-3f66f8e5c318", "fields": {"person": 9, "donation_full_name": "", "donation_class": null, "event_name": "", "institution": 1, "donorgroup": 6, "donation_type": "p", "amount_exact": "0.00", "amount_range_low": "1000.00", "amount_range_high": "0.00", "amount_other": "0", "donation_date_start": "2011-07-01", "donation_date_end": null, "collection_date": "2017-01-21", "date_entered": "2017-04-19T04:46:10.360Z", "data_source_name": "", "data_source_url": "https://santacruzmah.org/wp-content/uploads/2011/07/Annual-Report_Final_web.pdf"}}, {"model": "catalog.donation", "pk": "eee34014-4629-40c8-8e37-2470d6a1f469", "fields": {"person": 122, "donation_full_name": "", "donation_class": null, "event_name": "", "institution": 1, "donorgroup": 7, "donation_type": "e", "amount_exact": "250.00", "amount_range_low": "0.00", "amount_range_high": "0.00", "amount_other": "0", "donation_date_start": "2011-07-01", "donation_date_end": null, "collection_date": "2017-01-21", "date_entered": "2017-04-19T04:46:10.360Z", "data_source_name": "", "data_source_url": "https://santacruzmah.org/wp-content/uploads/2011/07/Annual-Report_Final_web.pdf"}}, {"model": "catalog.donation", "pk": "f00ca46d-844d-446a-bed0-cf9485d2965e", "fields": {"person": 127, "donation_full_name": "", "donation_class": null, "event_name": "", "institution": 1, "donorgroup": 7, "donation_type": "e", "amount_exact": "250.00", "amount_range_low": "0.00", "amount_range_high": "0.00", "amount_other": "0", "donation_date_start": "2011-07-01", "donation_date_end": null, "collection_date": "2017-01-21", "date_entered": "2017-04-19T04:46:10.360Z", "data_source_name": "", "data_source_url": "https://santacruzmah.org/wp-content/uploads/2011/07/Annual-Report_Final_web.pdf"}}, {"model": "catalog.donation", "pk": "f43bf2d4-1956-4a04-a2a2-46fac86013ca", "fields": {"person": 78, "donation_full_name": "", "donation_class": null, "event_name": "", "institution": 1, "donorgroup": 5, "donation_type": "e", "amount_exact": "500.00", "amount_range_low": "0.00", "amount_range_high": "0.00", "amount_other": "0", "donation_date_start": "2010-07-01", "donation_date_end": null, "collection_date": "2017-01-21", "date_entered": "2017-04-19T04:46:10.360Z", "data_source_name": "", "data_source_url": "https://santacruzmah.org/wp-content/uploads/2011/07/MAHannual-report_11.pdf"}}, {"model": "catalog.donation", "pk": "f4f5039f-09dd-4804-9a57-978d7db94834", "fields": {"person": 66, "donation_full_name": "", "donation_class": null, "event_name": "", "institution": 1, "donorgroup": 5, "donation_type": "e", "amount_exact": "500.00", "amount_range_low": "0.00", "amount_range_high": "0.00", "amount_other": "0", "donation_date_start": "2010-07-01", "donation_date_end": null, "collection_date": "2017-01-21", "date_entered": "2017-04-19T04:46:10.360Z", "data_source_name": "", "data_source_url": "https://santacruzmah.org/wp-content/uploads/2011/07/MAHannual-report_11.pdf"}}, {"model": "catalog.donation", "pk": "f5637e3f-b1d9-4e69-bc86-08e42380ca75", "fields": {"person": 94, "donation_full_name": "", "donation_class": null, "event_name": "", "institution": 1, "donorgroup": 7, "donation_type": "e", "amount_exact": "250.00", "amount_range_low": "0.00", "amount_range_high": "0.00", "amount_other": "0", "donation_date_start": "2011-07-01", "donation_date_end": null, "collection_date": "2017-01-21", "date_entered": "2017-04-19T04:46:10.360Z", "data_source_name": "", "data_source_url": "https://santacruzmah.org/wp-content/uploads/2011/07/Annual-Report_Final_web.pdf"}}, {"model": "catalog.donation", "pk": "f63eb0fd-b4eb-4572-bab0-00cd4e019aca", "fields": {"person": 9, "donation_full_name": "", "donation_class": null, "event_name": "", "institution": 1, "donorgroup": 2, "donation_type": "e", "amount_exact": "5000.00", "amount_range_low": "0.00", "amount_range_high": "0.00", "amount_other": "0", "donation_date_start": "2010-07-01", "donation_date_end": null, "collection_date": "2017-01-21", "date_entered": "2017-04-19T04:46:10.360Z", "data_source_name": "", "data_source_url": "https://santacruzmah.org/wp-content/uploads/2011/07/MAHannual-report_11.pdf"}}, {"model": "catalog.donation", "pk": "f8d91fb0-9e63-41ab-9f3d-6baa79345337", "fields": {"person": 21, "donation_full_name": "", "donation_class": null, "event_name": "", "institution": 1, "donorgroup": 4, "donation_type": "e", "amount_exact": "1000.00", "amount_range_low": "0.00", "amount_range_high": "0.00", "amount_other": "0", "donation_date_start": "2010-07-01", "donation_date_end": null, "collection_date": "2017-01-21", "date_entered": "2017-04-19T04:46:10.360Z", "data_source_name": "", "data_source_url": "https://santacruzmah.org/wp-content/uploads/2011/07/MAHannual-report_11.pdf"}}, {"model": "catalog.donation", "pk": "f931f7ae-288b-44f0-9ab3-ded285407fdc", "fields": {"person": 51, "donation_full_name": "", "donation_class": null, "event_name": "", "institution": 1, "donorgroup": 5, "donation_type": "e", "amount_exact": "500.00", "amount_range_low": "0.00", "amount_range_high": "0.00", "amount_other": "0", "donation_date_start": "2010-07-01", "donation_date_end": null, "collection_date": "2017-01-21", "date_entered": "2017-04-19T04:46:10.360Z", "data_source_name": "", "data_source_url": "https://santacruzmah.org/wp-content/uploads/2011/07/MAHannual-report_11.pdf"}}, {"model": "catalog.donation", "pk": "f98450e7-d82f-4978-afcb-4d080bb8b8cb", "fields": {"person": 39, "donation_full_name": "", "donation_class": null, "event_name": "", "institution": 1, "donorgroup": 4, "donation_type": "e", "amount_exact": "1000.00", "amount_range_low": "0.00", "amount_range_high": "0.00", "amount_other": "0", "donation_date_start": "2010-07-01", "donation_date_end": null, "collection_date": "2017-01-21", "date_entered": "2017-04-19T04:46:10.360Z", "data_source_name": "", "data_source_url": "https://santacruzmah.org/wp-content/uploads/2011/07/MAHannual-report_11.pdf"}}, {"model": "catalog.donation", "pk": "f9a14872-e6ae-4ef1-be55-7f348c27b2a3", "fields": {"person": 18, "donation_full_name": "", "donation_class": null, "event_name": "", "institution": 1, "donorgroup": 4, "donation_type": "e", "amount_exact": "1000.00", "amount_range_low": "0.00", "amount_range_high": "0.00", "amount_other": "0", "donation_date_start": "2010-07-01", "donation_date_end": null, "collection_date": "2017-01-21", "date_entered": "2017-04-19T04:46:10.360Z", "data_source_name": "", "data_source_url": "https://santacruzmah.org/wp-content/uploads/2011/07/MAHannual-report_11.pdf"}}, {"model": "catalog.donation", "pk": "fbfc09b3-39d9-46d5-b41b-f584dcb3233e", "fields": {"person": 86, "donation_full_name": "", "donation_class": null, "event_name": "", "institution": 1, "donorgroup": 6, "donation_type": "p", "amount_exact": "0.00", "amount_range_low": "1000.00", "amount_range_high": "0.00", "amount_other": "0", "donation_date_start": "2011-07-01", "donation_date_end": null, "collection_date": "2017-01-21", "date_entered": "2017-04-19T04:46:10.360Z", "data_source_name": "", "data_source_url": "https://santacruzmah.org/wp-content/uploads/2011/07/Annual-Report_Final_web.pdf"}}, {"model": "catalog.donation", "pk": "fc48baeb-aeb8-4a23-a43e-092569cac47e", "fields": {"person": 128, "donation_full_name": "", "donation_class": null, "event_name": "", "institution": 1, "donorgroup": 7, "donation_type": "e", "amount_exact": "250.00", "amount_range_low": "0.00", "amount_range_high": "0.00", "amount_other": "0", "donation_date_start": "2011-07-01", "donation_date_end": null, "collection_date": "2017-01-21", "date_entered": "2017-04-19T04:46:10.360Z", "data_source_name": "", "data_source_url": "https://santacruzmah.org/wp-content/uploads/2011/07/Annual-Report_Final_web.pdf"}}, {"model": "catalog.donation", "pk": "fc59a1c3-d00d-4ad0-a101-324f60a0bce5", "fields": {"person": 74, "donation_full_name": "", "donation_class": null, "event_name": "", "institution": 1, "donorgroup": 5, "donation_type": "e", "amount_exact": "500.00", "amount_range_low": "0.00", "amount_range_high": "0.00", "amount_other": "0", "donation_date_start": "2011-07-01", "donation_date_end": null, "collection_date": "2017-01-21", "date_entered": "2017-04-19T04:46:10.360Z", "data_source_name": "", "data_source_url": "https://santacruzmah.org/wp-content/uploads/2011/07/Annual-Report_Final_web.pdf"}}, {"model": "catalog.donation", "pk": "fd1d5210-0cf9-4935-819a-46da8631f59b", "fields": {"person": 4, "donation_full_name": "", "donation_class": null, "event_name": "", "institution": 1, "donorgroup": 1, "donation_type": "e", "amount_exact": "10000.00", "amount_range_low": "0.00", "amount_range_high": "0.00", "amount_other": "0", "donation_date_start": "2010-07-01", "donation_date_end": null, "collection_date": "2017-01-21", "date_entered": "2017-04-19T04:46:10.360Z", "data_source_name": "", "data_source_url": "https://santacruzmah.org/wp-content/uploads/2011/07/MAHannual-report_11.pdf"}}, {"model": "catalog.donorgroup", "pk": 1, "fields": {"name": "Benefactor Circle", "year": 2013, "institution": 1}}, {"model": "catalog.donorgroup", "pk": 2, "fields": {"name": "Patron Circle", "year": 2013, "institution": 1}}, {"model": "catalog.donorgroup", "pk": 3, "fields": {"name": "President Circle", "year": 2013, "institution": 1}}, {"model": "catalog.donorgroup", "pk": 4, "fields": {"name": "Trustee Circle", "year": 2013, "institution": 1}}, {"model": "catalog.donorgroup", "pk": 5, "fields": {"name": "Collector Circle", "year": 2013, "institution": 1}}, {"model": "catalog.donorgroup", "pk": 6, "fields": {"name": "Trustee Circle", "year": 2013, "institution": 1}}, {"model": "catalog.donorgroup", "pk": 7, "fields": {"name": "Art & History Circle", "year": 2013, "institution": 1}}, {"model": "catalog.donorgroup", "pk": 8, "fields": {"name": "Matts Art Group", "year": 2013, "institution": 2}}, {"model": "catalog.institution", "pk": 1, "fields": {"name": "Santa Cruz Museum of Art & History", "city": "Santa Cruz, CA"}}, {"model": "catalog.institution", "pk": 2, "fields": {"name": "MoMa", "city": "NYC"}}, {"model": "catalog.institution", "pk": 3, "fields": {"name": "Matts Gallery", "city": "NYC"}}, {"model": "sites.site", "pk": 1, "fields": {"domain": "127.0.0.1", "name": "127.0.0.1"}}, {"model": "auth.permission", "pk": 1, "fields": {"name": "Can add log entry", "content_type": 1, "codename": "add_logentry"}}, {"model": "auth.permission", "pk": 2, "fields": {"name": "Can change log entry", "content_type": 1, "codename": "change_logentry"}}, {"model": "auth.permission", "pk": 3, "fields": {"name": "Can delete log entry", "content_type": 1, "codename": "delete_logentry"}}, {"model": "auth.permission", "pk": 4, "fields": {"name": "Can add permission", "content_type": 2, "codename": "add_permission"}}, {"model": "auth.permission", "pk": 5, "fields": {"name": "Can change permission", "content_type": 2, "codename": "change_permission"}}, {"model": "auth.permission", "pk": 6, "fields": {"name": "Can delete permission", "content_type": 2, "codename": "delete_permission"}}, {"model": "auth.permission", "pk": 7, "fields": {"name": "Can add user", "content_type": 3, "codename": "add_user"}}, {"model": "auth.permission", "pk": 8, "fields": {"name": "Can change user", "content_type": 3, "codename": "change_user"}}, {"model": "auth.permission", "pk": 9, "fields": {"name": "Can delete user", "content_type": 3, "codename": "delete_user"}}, {"model": "auth.permission", "pk": 10, "fields": {"name": "Can add group", "content_type": 4, "codename": "add_group"}}, {"model": "auth.permission", "pk": 11, "fields": {"name": "Can change group", "content_type": 4, "codename": "change_group"}}, {"model": "auth.permission", "pk": 12, "fields": {"name": "Can delete group", "content_type": 4, "codename": "delete_group"}}, {"model": "auth.permission", "pk": 13, "fields": {"name": "Can add content type", "content_type": 5, "codename": "add_contenttype"}}, {"model": "auth.permission", "pk": 14, "fields": {"name": "Can change content type", "content_type": 5, "codename": "change_contenttype"}}, {"model": "auth.permission", "pk": 15, "fields": {"name": "Can delete content type", "content_type": 5, "codename": "delete_contenttype"}}, {"model": "auth.permission", "pk": 16, "fields": {"name": "Can add session", "content_type": 6, "codename": "add_session"}}, {"model": "auth.permission", "pk": 17, "fields": {"name": "Can change session", "content_type": 6, "codename": "change_session"}}, {"model": "auth.permission", "pk": 18, "fields": {"name": "Can delete session", "content_type": 6, "codename": "delete_session"}}, {"model": "auth.permission", "pk": 19, "fields": {"name": "Can add person", "content_type": 7, "codename": "add_person"}}, {"model": "auth.permission", "pk": 20, "fields": {"name": "Can change person", "content_type": 7, "codename": "change_person"}}, {"model": "auth.permission", "pk": 21, "fields": {"name": "Can delete person", "content_type": 7, "codename": "delete_person"}}, {"model": "auth.permission", "pk": 22, "fields": {"name": "Can add institution", "content_type": 8, "codename": "add_institution"}}, {"model": "auth.permission", "pk": 23, "fields": {"name": "Can change institution", "content_type": 8, "codename": "change_institution"}}, {"model": "auth.permission", "pk": 24, "fields": {"name": "Can delete institution", "content_type": 8, "codename": "delete_institution"}}, {"model": "auth.permission", "pk": 25, "fields": {"name": "Can add donorgroup", "content_type": 9, "codename": "add_donorgroup"}}, {"model": "auth.permission", "pk": 26, "fields": {"name": "Can change donorgroup", "content_type": 9, "codename": "change_donorgroup"}}, {"model": "auth.permission", "pk": 27, "fields": {"name": "Can delete donorgroup", "content_type": 9, "codename": "delete_donorgroup"}}, {"model": "auth.permission", "pk": 28, "fields": {"name": "Can add donation", "content_type": 10, "codename": "add_donation"}}, {"model": "auth.permission", "pk": 29, "fields": {"name": "Can change donation", "content_type": 10, "codename": "change_donation"}}, {"model": "auth.permission", "pk": 30, "fields": {"name": "Can delete donation", "content_type": 10, "codename": "delete_donation"}}, {"model": "auth.permission", "pk": 31, "fields": {"name": "Can add snippet", "content_type": 11, "codename": "add_snippet"}}, {"model": "auth.permission", "pk": 32, "fields": {"name": "Can change snippet", "content_type": 11, "codename": "change_snippet"}}, {"model": "auth.permission", "pk": 33, "fields": {"name": "Can delete snippet", "content_type": 11, "codename": "delete_snippet"}}, {"model": "auth.permission", "pk": 34, "fields": {"name": "Can add site", "content_type": 12, "codename": "add_site"}}, {"model": "auth.permission", "pk": 35, "fields": {"name": "Can change site", "content_type": 12, "codename": "change_site"}}, {"model": "auth.permission", "pk": 36, "fields": {"name": "Can delete site", "content_type": 12, "codename": "delete_site"}}, {"model": "auth.user", "pk": 1, "fields": {"password": "pbkdf2_sha256$36000$50T8YQwFGoiF$93nTQM0hxNerrUz82r+zL4vXyLhb4LQ5MT5N3djo/5E=", "last_login": "2017-04-18T23:27:02.480Z", "is_superuser": true, "username": "admin", "first_name": "", "last_name": "", "email": "matt@redbutton.io", "is_staff": true, "is_active": true, "date_joined": "2017-04-11T23:23:14.487Z", "groups": [], "user_permissions": []}}, {"model": "admin.logentry", "pk": 1, "fields": {"action_time": "2017-04-12T01:24:15.839Z", "user": 1, "content_type": 7, "object_id": "1", "object_repr": "John Doe", "action_flag": 1, "change_message": "[{\"added\": {}}]"}}, {"model": "admin.logentry", "pk": 2, "fields": {"action_time": "2017-04-17T20:32:48.650Z", "user": 1, "content_type": 7, "object_id": "1", "object_repr": "John Doe", "action_flag": 3, "change_message": ""}}, {"model": "admin.logentry", "pk": 3, "fields": {"action_time": "2017-04-17T22:05:08.493Z", "user": 1, "content_type": 9, "object_id": "7", "object_repr": "Art & History Circle", "action_flag": 2, "change_message": "[{\"changed\": {\"fields\": [\"institution\"]}}]"}}, {"model": "admin.logentry", "pk": 4, "fields": {"action_time": "2017-04-17T22:05:12.734Z", "user": 1, "content_type": 9, "object_id": "6", "object_repr": "Trustee Circle", "action_flag": 2, "change_message": "[{\"changed\": {\"fields\": [\"institution\"]}}]"}}, {"model": "admin.logentry", "pk": 5, "fields": {"action_time": "2017-04-17T22:05:17.776Z", "user": 1, "content_type": 9, "object_id": "5", "object_repr": "Collector Circle", "action_flag": 2, "change_message": "[{\"changed\": {\"fields\": [\"institution\"]}}]"}}, {"model": "admin.logentry", "pk": 6, "fields": {"action_time": "2017-04-17T22:05:21.816Z", "user": 1, "content_type": 9, "object_id": "4", "object_repr": "Trustee Circle", "action_flag": 2, "change_message": "[{\"changed\": {\"fields\": [\"name\", \"institution\"]}}]"}}, {"model": "admin.logentry", "pk": 7, "fields": {"action_time": "2017-04-17T22:05:25.688Z", "user": 1, "content_type": 9, "object_id": "3", "object_repr": "President Circle", "action_flag": 2, "change_message": "[{\"changed\": {\"fields\": [\"institution\"]}}]"}}, {"model": "admin.logentry", "pk": 8, "fields": {"action_time": "2017-04-17T22:05:30.045Z", "user": 1, "content_type": 9, "object_id": "2", "object_repr": "Patron Circle", "action_flag": 2, "change_message": "[{\"changed\": {\"fields\": [\"name\", \"institution\"]}}]"}}, {"model": "admin.logentry", "pk": 9, "fields": {"action_time": "2017-04-17T22:05:36.664Z", "user": 1, "content_type": 9, "object_id": "1", "object_repr": "Benefactor Circle", "action_flag": 2, "change_message": "[{\"changed\": {\"fields\": [\"institution\"]}}]"}}, {"model": "admin.logentry", "pk": 10, "fields": {"action_time": "2017-04-17T22:09:14.378Z", "user": 1, "content_type": 8, "object_id": "1", "object_repr": "Santa Cruz Museum of Art & History", "action_flag": 2, "change_message": "[{\"changed\": {\"fields\": [\"city\"]}}]"}}, {"model": "admin.logentry", "pk": 11, "fields": {"action_time": "2017-04-18T02:40:05.089Z", "user": 1, "content_type": 10, "object_id": "81734c03-bbab-40d3-b40b-05466d104b32", "object_repr": "Robert, Ann and Nick Smiley (Santa Cruz Museum of Art & History)", "action_flag": 1, "change_message": "new through import_export"}}, {"model": "admin.logentry", "pk": 12, "fields": {"action_time": "2017-04-18T02:40:05.092Z", "user": 1, "content_type": 10, "object_id": "6a6f303e-d0ad-4c28-a38b-a49022eb6b1c", "object_repr": "Barbara Downs and John Chilton (Santa Cruz Museum of Art & History)", "action_flag": 1, "change_message": "new through import_export"}}, {"model": "admin.logentry", "pk": 13, "fields": {"action_time": "2017-04-18T02:41:29.468Z", "user": 1, "content_type": 10, "object_id": "ffdc8887-d683-4e5d-996a-951d4ca767e8", "object_repr": "Robert, Ann and Nick Smiley (Santa Cruz Museum of Art & History)", "action_flag": 3, "change_message": ""}}, {"model": "admin.logentry", "pk": 14, "fields": {"action_time": "2017-04-18T02:41:29.471Z", "user": 1, "content_type": 10, "object_id": "ffb0f447-0903-4202-94f5-ebe83b5da816", "object_repr": "Barbara Downs and John Chilton (Santa Cruz Museum of Art & History)", "action_flag": 3, "change_message": ""}}, {"model": "admin.logentry", "pk": 15, "fields": {"action_time": "2017-04-18T02:45:15.220Z", "user": 1, "content_type": 8, "object_id": "2", "object_repr": "MoMa", "action_flag": 1, "change_message": "[{\"added\": {}}]"}}, {"model": "admin.logentry", "pk": 16, "fields": {"action_time": "2017-04-18T17:45:57.679Z", "user": 1, "content_type": 7, "object_id": "129", "object_repr": "Matthew Nolan", "action_flag": 1, "change_message": "[{\"added\": {}}]"}}, {"model": "admin.logentry", "pk": 17, "fields": {"action_time": "2017-04-18T17:47:50.967Z", "user": 1, "content_type": 10, "object_id": "29ce8b0b-2100-4625-93fd-7cd42d05dd01", "object_repr": "Matthew Nolan (Santa Cruz Museum of Art & History)", "action_flag": 1, "change_message": "[{\"added\": {}}]"}}, {"model": "admin.logentry", "pk": 18, "fields": {"action_time": "2017-04-18T17:47:58.438Z", "user": 1, "content_type": 10, "object_id": "29ce8b0b-2100-4625-93fd-7cd42d05dd01", "object_repr": "Matthew Nolan (Santa Cruz Museum of Art & History)", "action_flag": 2, "change_message": "[]"}}, {"model": "admin.logentry", "pk": 19, "fields": {"action_time": "2017-04-18T17:49:38.210Z", "user": 1, "content_type": 9, "object_id": "8", "object_repr": "Matts Art Group", "action_flag": 1, "change_message": "[{\"added\": {}}]"}}, {"model": "admin.logentry", "pk": 20, "fields": {"action_time": "2017-04-18T17:50:36.208Z", "user": 1, "content_type": 10, "object_id": "d5f93c6b-9de2-42a6-974c-1b9c32dfe8cc", "object_repr": "Matthew Nolan (MoMa)", "action_flag": 1, "change_message": "[{\"added\": {}}]"}}, {"model": "admin.logentry", "pk": 21, "fields": {"action_time": "2017-04-18T17:52:15.084Z", "user": 1, "content_type": 10, "object_id": "0558fb15-de34-4c8f-8670-c6b6b6c827ec", "object_repr": "Matthew Nolan (Matts Gallery)", "action_flag": 1, "change_message": "[{\"added\": {}}]"}}, {"model": "admin.logentry", "pk": 22, "fields": {"action_time": "2017-04-18T18:48:50.060Z", "user": 1, "content_type": 10, "object_id": "0558fb15-de34-4c8f-8670-c6b6b6c827ec", "object_repr": "Matthew Nolan (Matts Gallery)", "action_flag": 2, "change_message": "[{\"changed\": {\"fields\": [\"donation_date_start\", \"donation_date_end\"]}}]"}}, {"model": "admin.logentry", "pk": 23, "fields": {"action_time": "2017-04-18T21:24:38.809Z", "user": 1, "content_type": 12, "object_id": "1", "object_repr": "http://127.0.0.1/", "action_flag": 2, "change_message": "[{\"changed\": {\"fields\": [\"domain\", \"name\"]}}]"}}, {"model": "admin.logentry", "pk": 24, "fields": {"action_time": "2017-04-18T21:35:18.406Z", "user": 1, "content_type": 12, "object_id": "1", "object_repr": "http://127.0.0.1", "action_flag": 2, "change_message": "[{\"changed\": {\"fields\": [\"domain\", \"name\"]}}]"}}, {"model": "admin.logentry", "pk": 25, "fields": {"action_time": "2017-04-18T21:35:35.200Z", "user": 1, "content_type": 12, "object_id": "1", "object_repr": "127.0.0.1", "action_flag": 2, "change_message": "[{\"changed\": {\"fields\": [\"domain\", \"name\"]}}]"}}, {"model": "admin.logentry", "pk": 26, "fields": {"action_time": "2017-04-19T01:18:19.782Z", "user": 1, "content_type": 10, "object_id": "a3a3ff23-a0af-4242-b492-068c4c3ed383", "object_repr": "Matthew Nolan (Matts Gallery)", "action_flag": 1, "change_message": "[{\"added\": {}}]"}}, {"model": "admin.logentry", "pk": 27, "fields": {"action_time": "2017-04-19T03:50:20.047Z", "user": 1, "content_type": 10, "object_id": "a3a3ff23-a0af-4242-b492-068c4c3ed383", "object_repr": "Matthew Nolan (Matts Gallery)", "action_flag": 2, "change_message": "[{\"changed\": {\"fields\": [\"donation_date_start\", \"donation_date_end\", \"collection_date\"]}}]"}}, {"model": "admin.logentry", "pk": 28, "fields": {"action_time": "2017-04-19T04:38:15.276Z", "user": 1, "content_type": 10, "object_id": "24f4eb54-65c1-41b0-9568-730f8211f1b3", "object_repr": "Matthew Nolan (Matts Gallery)", "action_flag": 1, "change_message": "[{\"added\": {}}]"}}, {"model": "admin.logentry", "pk": 29, "fields": {"action_time": "2017-04-19T04:48:08.630Z", "user": 1, "content_type": 10, "object_id": "e529830e-1d9a-457c-ab00-5f7c08ba7b25", "object_repr": "Matthew Nolan (Matts Gallery)", "action_flag": 1, "change_message": "[{\"added\": {}}]"}}]